company,color,r,g,b
all-i-am-beauty,/all-i-am-beauty/makeup/lepper/leppestift/all-i-am-beauty-lipstick-flirty-pink,154,96,97
all-i-am-beauty,/all-i-am-beauty/makeup/lepper/leppestift/all-i-am-beauty-lipstick-lady-posh,146,81,76
all-i-am-beauty,/all-i-am-beauty/makeup/lepper/leppestift/all-i-am-beauty-lipstick-rose-icon,154,96,97
anastasia,/anastasia/makeup/lepper/leppestift/anastasia-satin-lipstick-haze,192,131,118
anastasia,/anastasia/makeup/lepper/leppestift/anastasia-satin-lipstick-dusty-rose,174,86,91
anastasia,/anastasia/makeup/lepper/leppestift/anastasia-satin-lipstick-taupe-beige,172,96,95
anastasia,/anastasia/makeup/lepper/leppestift/anastasia-satin-lipstick-rose-dream,193,83,100
anastasia,/anastasia/makeup/lepper/leppestift/anastasia-matte-lipstick-hush-rose,179,90,93
anastasia,/anastasia/makeup/lepper/leppestift/anastasia-lip-velvet-kiss,201,134,124
anastasia,/anastasia/makeup/lepper/leppestift/anastasia-lip-velvet-pure-hollywood,194,119,108
anastasia,/anastasia/makeup/lepper/leppestift/anastasia-lip-velvet-hush-rose,152,96,95
anastasia,/anastasia/makeup/lepper/leppestift/anastasia-lip-velvet-rosy-mauve,194,119,108
anastasia,/anastasia/makeup/lepper/leppestift/anastasia-matte-lipstick-hush-pink,211,125,125
anastasia,/anastasia/makeup/lepper/leppestift/anastasia-matte-lipstick-royal-red,185,52,74
anastasia,/anastasia/makeup/lepper/leppestift/anastasia-matte-lipstick-sugar-plum,151,51,60
armani,/armani/makeup/lepper/leppestift/armani-lip-power-502-desire,204,93,98
armani,/armani/makeup/lepper/leppestift/armani-lip-power-104-selfless,223,150,144
armani,/armani/makeup/lepper/leppestift/armani-lip-power-109-intimate,191,107,102
armani,/armani/makeup/lepper/leppestift/armani-lip-power-103-androgino,238,137,123
armani,/armani/makeup/lepper/leppestift/armani-lip-power-matte-603,159,33,37
armani,/armani/makeup/lepper/leppestift/armani-lip-maestro-satin-lipstick-1,197,107,114
armani,/armani/makeup/lepper/leppestift/armani-lip-maestro-satin-lipstick-11,204,10,40
armani,/armani/makeup/lepper/leppestift/armani-lip-maestro-satin-lipstick-13,151,43,35
armani,/armani/makeup/lepper/leppestift/armani-lip-maestro-satin-lipstick-2,197,107,114
armani,/armani/makeup/lepper/leppestift/armani-lip-maestro-liquid-lipstick-400-the-red,134,0,10
armani,/armani/makeup/lepper/leppestift/armani-lip-maestro-405-sultan,247,247,247
armani,/armani/makeup/lepper/leppestift/armani-lip-power-matte-207,123,61,61
armani,/armani/makeup/lepper/leppestift/armani-lip-power-matte-308,223,9,56
armani,/armani/makeup/lepper/leppestift/armani-lip-power-matte-111,198,128,122
armani,/armani/makeup/lepper/leppestift/armani-lip-maestro-liquid-lipstick-500-blush,166,71,74
armani,/armani/makeup/lepper/leppestift/armani-lip-maestro-liquid-lipstick-402-chinese-lacquer,176,11,20
armani,/armani/makeup/lepper/leppestift/armani-lip-maestro-liquid-lipstick-206-cedar,135,41,22
armani,/armani/makeup/lepper/leppestift/armani-lip-maestro-satin-lipstick-14,247,247,247
armani,/armani/makeup/lepper/leppestift/armani-lip-maestro-satin-lipstick-15,247,247,247
armani,/armani/makeup/lepper/leppestift/armani-lip-maestro-satin-lipstick-16,247,247,247
artdeco,/artdeco/makeup/lepper/leppestift/artdeco-lip-filler-base-2-g,247,247,247
artdeco,/artdeco/makeup/lepper/leppestift/artdeco-perfect-color-lipstick-820-creamy-rosewood,152,85,90
artdeco,/artdeco/makeup/lepper/leppestift/artdeco-perfect-color-lipstick-955-frosted-rose,199,117,144
artdeco,/artdeco/makeup/lepper/leppestift/artdeco-perfect-color-lipstick-818-perfect-rosewood,163,66,82
artdeco,/artdeco/makeup/lepper/leppestift/artdeco-perfect-color-lipstick-830-spring-in-paris,192,124,121
artdeco,/artdeco/makeup/lepper/leppestift/artdeco-hydra-care-lipstick-02-charming-oasis,230,148,181
artdeco,/artdeco/makeup/lepper/leppestift/artdeco-hydra-care-lipstick-04-bilberry-oasis,152,86,113
artdeco,/artdeco/makeup/lepper/leppestift/artdeco-hydra-care-lipstick-06-precious-oasis,182,77,91
artdeco,/artdeco/makeup/lepper/leppestift/artdeco-hydra-care-lipstick-10-berry-oasis,200,85,95
babor,/babor/makeup/lepper/leppestift/babor-creamy-lipstick-08-gin-juice,225,135,125
babor,/babor/makeup/lepper/leppestift/babor-creamy-lipstick-09-baby-doll,176,128,118
babor,/babor/makeup/lepper/leppestift/babor-creamy-lipstick-07-summer-rose,166,114,127
babor,/babor/makeup/lepper/leppestift/babor-creamy-lipstick-03-metallic-pink,196,129,143
babor,/babor/makeup/lepper/leppestift/babor-eternal-grace-lipstick-04-in-love-with-grace,247,247,247
babor,/babor/makeup/lepper/leppestift/babor-matte-lipstick-12-so-natural,151,92,91
babor,/babor/makeup/lepper/leppestift/babor-matte-lipstick-11-very-cherry,185,25,11
babor,/babor/makeup/lepper/leppestift/babor-matte-lipstick-13-lovely-cream-rose,160,115,102
babor,/babor/makeup/lepper/leppestift/babor-matte-lipstick-14-light-mauve,176,126,125
babor,/babor/makeup/lepper/leppestift/babor-eternal-grace-lipstick-01-on-the-beach,247,247,247
babor,/babor/makeup/lepper/leppestift/babor-eternal-grace-lipstick-02-breakfast-with-audrey,247,247,247
babor,/babor/makeup/lepper/leppestift/babor-eternal-grace-lipstick-03-diamonds-for-marilyn,247,247,247
bareminerals,/bareminerals/makeup/lepper/leppestift/bareminerals-mineralist-hydra-smoothing-lipstick-honesty,182,80,105
bareminerals,/bareminerals/makeup/lepper/leppestift/bareminerals-mineralist-hydra-smoothing-lipstick-grace,211,122,122
bareminerals,/bareminerals/makeup/lepper/leppestift/bareminerals-mineralist-hydra-smoothing-lipstick-perception,112,33,43
bareminerals,/bareminerals/makeup/lepper/leppestift/bareminerals-mineralist-hydra-smoothing-lipstick-confidence,182,80,105
bareminerals,/bareminerals/makeup/lepper/leppestift/bareminerals-mineralist-lasting-matte-liquid-lipstick-determined,165,83,60
bareminerals,/bareminerals/makeup/lepper/leppestift/bareminerals-mineralist-lasting-matte-liquid-lipstick-influential,206,123,124
bareminerals,/bareminerals/makeup/lepper/leppestift/bareminerals-mineralist-lasting-matte-liquid-lipstick-lucky,180,109,98
bareminerals,/bareminerals/makeup/lepper/leppestift/bareminerals-mineralist-lasting-matte-liquid-lipstick-splendid,171,104,114
beautyact,/beautyact/makeup/lepper/leppestift/beautyact-ultratint-lip-balm-pink-dust,190,91,104
beautyact,/beautyact/makeup/lepper/leppestift/beautyact-ultratint-lip-balm-cherry-blush,191,13,62
beautyact,/beautyact/makeup/lepper/leppestift/beautyact-ultratint-lip-balm-pink-peach,224,128,145
beautyact,/beautyact/makeup/lepper/leppestift/beautyact-ultratint-lip-balm-sheer-plum,120,47,64
beautyact,/beautyact/makeup/lepper/leppestift/beautyact-full-on-satin-lipstick-barely-bare2,230,191,188
beautyact,/beautyact/makeup/lepper/leppestift/beautyact-stay-on-semi-matte-lipstick-time-for-truffles,170,45,45
beautyact,/beautyact/makeup/lepper/leppestift/beautyact-full-on-satin-lipstick-beach-nude2,231,196,175
beautyact,/beautyact/makeup/lepper/leppestift/beautyact-full-on-satin-lipstick-toffee-hour2,209,118,92
beautyact,/beautyact/makeup/lepper/leppestift/beautyact-full-on-satin-lipstick-dusty-pink2,188,102,126
beautyact,/beautyact/makeup/lepper/leppestift/beautyact-stay-on-semi-matte-lipstick-mocha-to-go,184,85,106
beautyact,/beautyact/makeup/lepper/leppestift/beautyact-stay-on-semi-matte-lipstick-its-a-red-for-me,179,11,44
beautyact,/beautyact/makeup/lepper/leppestift/beautyact-stay-on-semi-matte-lipstick-lets-beige-out,254,175,141
benefit,/benefit/makeup/lepper/leppestift/benefit-playtint-cheek-lip-stain,247,247,247
benefit,/benefit/makeup/lepper/leppestift/benefit-plushtint-moisturizing-matte-lip-tint-02-cream-puff,230,142,138
benefit,/benefit/makeup/lepper/leppestift/benefit-plushtint-moisturizing-matte-lip-tint-06-pillow-play,226,135,148
benefit,/benefit/makeup/lepper/leppestift/benefit-plushtint-moisturizing-matte-lip-tint-10-french-toast,197,103,94
benefit,/benefit/makeup/lepper/leppestift/benefit-plushtint-moisturizing-matte-lip-tint-12-purrr,200,94,110
benefit,/benefit/makeup/lepper/leppestift/benefit-splashtint-moisturizing-dewy-lip-tint-21-summer-fling,189,72,78
benefit,/benefit/makeup/lepper/leppestift/benefit-plushtint-velvet-tint-teddy,247,247,247
benefit,/benefit/makeup/lepper/leppestift/benefit-splashtint-moisturizing-dewy-lip-tint-03-fresh-squeezed,241,89,97
benefit,/benefit/makeup/lepper/leppestift/benefit-splashtint-moisturizing-dewy-lip-tint-11-slushie,201,43,41
benefit,/benefit/makeup/lepper/leppestift/benefit-splashtint-moisturizing-dewy-lip-tint-01-skinny-dip,228,118,101
benefit,/benefit/makeup/lepper/leppestift/benefit-california-kissin-colorbalm-moisturizing-lip-balm-peach-pink,247,247,247
benefit,/benefit/makeup/lepper/leppestift/benefit-plushtint-velvet-tint-cloud-fine,247,247,247
benefit,/benefit/makeup/lepper/leppestift/benefit-plushtint-velvet-tint-snuggle-up,247,247,247
bobbi-brown,/bobbi-brown/makeup/lepper/leppestift/bobbi-brown-crushed-lip-color-03-blackberry,94,38,51
bobbi-brown,/bobbi-brown/makeup/lepper/leppestift/bobbi-brown-crushed-lip-color-06-cranberry,139,37,49
bobbi-brown,/bobbi-brown/makeup/lepper/leppestift/bobbi-brown-crushed-lip-color-26-sazan-nude,185,123,119
bobbi-brown,/bobbi-brown/makeup/lepper/leppestift/bobbi-brown-crushed-lip-color-01-babe,172,57,86
bobbi-brown,/bobbi-brown/makeup/lepper/leppestift/bobbi-brown-luxe-lipstick-sandwash-pink,170,99,105
bobbi-brown,/bobbi-brown/makeup/lepper/leppestift/bobbi-brown-luxe-shine-intense-lipstick-bare-truth-paris-pink,214,95,83
bobbi-brown,/bobbi-brown/makeup/lepper/leppestift/bobbi-brown-crushed-lip-color-mini-43-sweet-coral,152,69,63
bobbi-brown,/bobbi-brown/makeup/lepper/leppestift/bobbi-brown-luxe-matte-lipstick-afternoon-tea,170,96,80
bobbi-brown,/bobbi-brown/makeup/lepper/leppestift/bobbi-brown-luxe-matte-liquid-lipstick-3-downtime,163,71,80
bobbi-brown,/bobbi-brown/makeup/lepper/leppestift/bobbi-brown-luxe-matte-liquid-lipstick-14-claret,146,52,65
bobbi-brown,/bobbi-brown/makeup/lepper/leppestift/bobbi-brown-luxe-matte-liquid-lipstick-5-afternoon-tea,158,70,70
bobbi-brown,/bobbi-brown/makeup/lepper/leppestift/bobbi-brown-luxe-matte-liquid-lipstick-1-lunch-date,202,75,89
bobbi-brown,/bobbi-brown/makeup/lepper/leppestift/bobbi-brown-luxe-lipstick-claret,127,47,40
bobbi-brown,/bobbi-brown/makeup/lepper/leppestift/bobbi-brown-luxe-lipstick-bahama-brown2,149,80,89
bobbi-brown,/bobbi-brown/makeup/lepper/leppestift/bobbi-brown-luxe-lipstick-soft-berry,151,65,77
bobbi-brown,/bobbi-brown/makeup/lepper/leppestift/bobbi-brown-luxe-shine-intense-lipstick-bare-truth-passion-flower,155,69,69
bobbi-brown,/bobbi-brown/makeup/lepper/leppestift/bobbi-brown-luxe-shine-intense-lipstick-bare-truth-bare-truth,173,99,88
bobbi-brown,/bobbi-brown/makeup/lepper/leppestift/bobbi-brown-luxe-shine-intense-lipstick-bare-truth-trailblazer,188,80,85
bobbi-brown,/bobbi-brown/makeup/lepper/leppestift/bobbi-brown-crushed-lip-color-mini-45-parisian-red,194,48,65
bobbi-brown,/bobbi-brown/makeup/lepper/leppestift/bobbi-brown-luxe-matte-lipstick-downtown-rose,155,78,67
bobbi-brown,/bobbi-brown/makeup/lepper/leppestift/bobbi-brown-luxe-matte-lipstick-claret,158,66,61
bobbi-brown,/bobbi-brown/makeup/lepper/leppestift/bobbi-brown-luxe-matte-lipstick-sunset-rose,169,111,100
buxom,/buxom/makeup/lepper/leppestift/buxom-full-on-plumping-lipstick-satin-skin-tease,198,135,118
buxom,/buxom/makeup/lepper/leppestift/buxom-full-on-plumping-lipstick-satin-body-con,200,97,89
buxom,/buxom/makeup/lepper/leppestift/buxom-full-on-plumping-lipstick-satin-chocolatte,160,73,64
buxom,/buxom/makeup/lepper/leppestift/buxom-full-on-plumping-lipstick-satin-dolly-doll,183,88,88
byredo,/byredo/makeup/lepper/leppestift/byredo-lipstick-amber-in-furs,154,104,105
byredo,/byredo/makeup/lepper/leppestift/byredo-lipstick-earth-dust,155,111,101
byredo,/byredo/makeup/lepper/leppestift/byredo-lipstick-dancehall-queen,122,56,83
byredo,/byredo/makeup/lepper/leppestift/byredo-lipstick-damson-jam,144,93,102
byredo,/byredo/makeup/lepper/leppestift/byredo-liquid-lipstick-vinyl-fantome,179,72,52
byredo,/byredo/makeup/lepper/leppestift/byredo-liquid-lipstick-vinyl-reasonable-doubt,179,72,52
byredo,/byredo/makeup/lepper/leppestift/byredo-liquid-lipstick-vinyl-baiser-cosmique,164,55,52
byredo,/byredo/makeup/lepper/leppestift/byredo-liquid-lipstick-vinyl-thar-desert,192,70,46
byredo,/byredo/makeup/lepper/leppestift/byredo-liquid-lipstick-matte-red-coma,126,0,18
byredo,/byredo/makeup/lepper/leppestift/byredo-liquid-lipstick-matte-thar-desert,165,82,63
byredo,/byredo/makeup/lepper/leppestift/byredo-liquid-lipstick-matte-fire-grace,126,0,18
byredo,/byredo/makeup/lepper/leppestift/byredo-liquid-lipstick-matte-martian-dust,155,38,19
byredo,/byredo/makeup/lepper/leppestift/byredo-lipstick-matte-103-on-the-edge,165,90,84
byredo,/byredo/makeup/lepper/leppestift/byredo-lipstick-matte-129-septembre,149,74,66
byredo,/byredo/makeup/lepper/leppestift/byredo-lipstick-matte-205-ensouled,190,80,71
byredo,/byredo/makeup/lepper/leppestift/byredo-lipstick-matte-213-stromboli,165,90,84
byredo,/byredo/makeup/lepper/leppestift/byredo-lipstick-satin-128-commuter,112,68,59
byredo,/byredo/makeup/lepper/leppestift/byredo-lipstick-satin-104-9am,112,68,59
byredo,/byredo/makeup/lepper/leppestift/byredo-lipstick-satin-355-deca-dance,112,68,59
byredo,/byredo/makeup/lepper/leppestift/byredo-lipstick-satin-209-divorce,112,68,59
byredo,/byredo/makeup/lepper/leppestift/byredo-lipstick-matte-refill-320-attached,247,247,247
byredo,/byredo/makeup/lepper/leppestift/byredo-lipstick-matte-refill-103-on-the-edge,247,247,247
byredo,/byredo/makeup/lepper/leppestift/byredo-lipstick-matte-refill-109-reunion,247,247,247
byredo,/byredo/makeup/lepper/leppestift/byredo-lipstick-matte-refill-129-septembre,247,247,247
byredo,/byredo/makeup/lepper/leppestift/byredo-lipstick-transported,247,247,247
byredo,/byredo/makeup/lepper/leppestift/byredo-lipstick-on-the-fence,247,247,247
by-terry,/by-terry/makeup/lepper/leppestift/by-terry-hyaluronic-hydra-balm-n5-secret-kiss,129,68,54
by-terry,/by-terry/makeup/lepper/leppestift/by-terry-hyaluronic-hydra-balm-n1-sexy-nude,210,137,115
by-terry,/by-terry/makeup/lepper/leppestift/by-terry-hyaluronic-hydra-balm-n2-nudissimo,239,141,130
by-terry,/by-terry/makeup/lepper/leppestift/by-terry-hyaluronic-hydra-balm-n3-tea-time,206,117,90
chanel,/chanel/makeup/lepper/leppestift/chanel-colour-shine-intensity-in-a-flash-116-easy,199,143,127
chanel,/chanel/makeup/lepper/leppestift/chanel-colour-shine-intensity-in-a-flash-82-live,208,77,91
chanel,/chanel/makeup/lepper/leppestift/chanel-colour-shine-intensity-in-a-flash-91-boheme,237,50,86
chanel,/chanel/makeup/lepper/leppestift/chanel-ultra-hydrating-lip-colour-434-mademoiselle,173,85,84
chanel,/chanel/makeup/lepper/leppestift/chanel-hydrating-and-plumping-lipstick.-intense-long-lasting-colour-and-shine-154-kind,197,117,112
chanel,/chanel/makeup/lepper/leppestift/chanel-hydrating-and-plumping-lipstick.-intense-long-lasting-colour-and-shine-160-wild,197,117,112
chanel,/chanel/makeup/lepper/leppestift/chanel-hydrating-and-plumping-lipstick.-intense-long-lasting-colour-and-shine-116-dream,202,123,121
chanel,/chanel/makeup/lepper/leppestift/chanel-hydrating-and-plumping-lipstick.-intense-long-lasting-colour-and-shine-122-zenith,211,95,103
chanel,/chanel/makeup/lepper/leppestift/chanel-colour-shine-intensity-in-a-flash-54-boy,222,154,133
chanel,/chanel/makeup/lepper/leppestift/chanel-high-intensity-lip-colour.-concentrated-radiance-and-care.-refillable-917-rose-boreal,0,0,0
chanel,/chanel/makeup/lepper/leppestift/chanel-ultra-hydrating-lip-colour-412-teheran,219,95,85
chanel,/chanel/makeup/lepper/leppestift/chanel-ultra-hydrating-lip-colour-416-coco,218,74,47
chanel,/chanel/makeup/lepper/leppestift/chanel-ultra-hydrating-lip-colour-424-edith,218,96,109
chanel,/chanel/makeup/lepper/leppestift/chanel-luminous-intense-lip-colour-191-rouge-brulant,198,87,94
chanel,/chanel/makeup/lepper/leppestift/chanel-limited-edition-luminous-matte-lip-colour-0400,160,53,83
chanel,/chanel/makeup/lepper/leppestift/chanel-high-intensity-lip-colour-concentrated-radiance-and-care-refillable-868,138,33,46
chanel,/chanel/makeup/lepper/leppestift/chanel-high-intensity-lip-colour-concentrated-radiance-and-care-867-roaring-purple,249,242,240
chanel,/chanel/makeup/lepper/leppestift/chanel-ultrawear-shine-liquid-lip-colour-95-spell,116,23,33
chanel,/chanel/makeup/lepper/leppestift/chanel-high-intensity-lip-colour-concentrated-radiance-and-care-812-beige-brut,249,242,240
chanel,/chanel/makeup/lepper/leppestift/chanel-high-intensity-lip-colour-concentrated-radiance-and-care-854-rouge-puissant,249,242,240
chanel,/chanel/makeup/lepper/leppestift/chanel-high-intensity-lip-colour-concentrated-radiance-and-care-857-midnight-red,249,242,240
chanel,/chanel/makeup/lepper/leppestift/chanel-a-hydrating-tinted-lip-balm-that-offers-buildable-colour-for-better-looking-lips-day-after-day-936,0,0,0
chanel,/chanel/makeup/lepper/leppestift/chanel-a-hydrating-tinted-lip-balm-that-offers-buildable-colour-for-better-looking-lips-day-after-day-938,0,0,0
chanel,/chanel/makeup/lepper/leppestift/chanel-high-intensity-lip-colour-concentrated-radiance-and-care-refillable-812,192,119,105
chanel,/chanel/makeup/lepper/leppestift/chanel-high-intensity-lip-colour-concentrated-radiance-and-care-refillable-822,168,68,83
chanel,/chanel/makeup/lepper/leppestift/chanel-high-intensity-lip-colour-concentrated-radiance-and-care-refillable-818,167,74,79
chanel,/chanel/makeup/lepper/flytende-leppestift/chanel-ultrawear-shine-liquid-lip-colour-63-ultimate,142,79,82
chanel,/chanel/makeup/lepper/leppestift/chanel-luminous-intense-lip-colour-96-excentrique,253,68,29
chanel,/chanel/makeup/lepper/leppestift/chanel-luminous-intense-lip-colour-104-passion,160,0,0
chanel,/chanel/makeup/lepper/leppestift/chanel-luminous-intense-lip-colour-109-rouge-noir,60,8,11
chanel,/chanel/makeup/lepper/flytende-leppestift/chanel-luminous-matte-lip-colour-58-rouge-vie,129,47,49
chanel,/chanel/makeup/lepper/leppestift/chanel-limited-edition-luminous-matte-lip-colour-0.0416666666666667,237,121,130
chanel,/chanel/makeup/lepper/leppestift/chanel-limited-edition-luminous-matte-lip-colour-0.208333333333333,158,90,91
chanel,/chanel/makeup/lepper/leppestift/chanel-limited-edition-luminous-matte-lip-colour-0000,183,66,72
chanel,/chanel/makeup/lepper/leppestift/chanel-high-intensity-lip-colour-concentrated-radiance-and-care-812,192,119,105
chanel,/chanel/makeup/lepper/leppestift/chanel-high-intensity-lip-colour-concentrated-radiance-and-care-854,167,13,26
chanel,/chanel/makeup/lepper/leppestift/chanel-high-intensity-lip-colour-concentrated-radiance-and-care-838,193,37,74
chanel,/chanel/makeup/lepper/leppestift/chanel-a-hydrating-tinted-lip-balm-that-offers-buildable-colour-for-better-looking-lips-day-after-day-940,0,0,0
clarins,/clarins/makeup/lepper/leppestift/clarins-lip-oil-balm-03-lychee,171,92,87
clarins,/clarins/makeup/lepper/leppestift/clarins-lip-oil-balm-01-pale-pink,244,195,204
clarins,/clarins/makeup/lepper/leppestift/clarins-lip-oil-balm-02-pitaya,224,69,123
clarins,/clarins/makeup/lepper/leppestift/clarins-lip-oil-balm-04-almond,174,138,121
clarins,/clarins/makeup/lepper/leppestift/clarins-joli-rouge-satin-lipstick-732-grenadine,163,81,86
clarins,/clarins/makeup/lepper/leppestift/clarins-joli-rouge-shiny-lipstick-705s-soft-berry,182,96,93
clarins,/clarins/makeup/lepper/leppestift/clarins-joli-rouge-shiny-lipstick-711s-papaya,219,96,76
clarins,/clarins/makeup/lepper/leppestift/clarins-joli-rouge-shiny-lipstick-732s-grenadine,156,71,76
clarins,/clarins/makeup/lepper/leppestift/clarins-joli-rouge-shiny-lipstick-742s-joli-rouge,186,32,51
clarins,/clarins/makeup/lepper/leppestift/clarins-joli-rouge-velvet-lips-742v-jolie-roug,186,20,44
clarins,/clarins/makeup/lepper/leppestift/clarins-joli-rouge-satin-lipstick-744-soft-plum,136,57,71
clarins,/clarins/makeup/lepper/leppestift/clarins-joli-rouge-satin-lipstick-705-soft-berry,174,79,95
clarins,/clarins/makeup/lepper/leppestift/clarins-joli-rouge-satin-lipstick-711-papaya,226,99,83
clarins,/clarins/makeup/lepper/leppestift/clarins-water-lip-stain-01-rose-water,231,40,112
clarins,/clarins/makeup/lepper/leppestift/clarins-water-lip-stain-03-red-water,206,6,14
clarins,/clarins/makeup/lepper/leppestift/clarins-joli-rouge-velvet-lips-705v-soft-berry,168,85,83
clarins,/clarins/makeup/lepper/leppestift/clarins-joli-rouge-velvet-lips-711v-papaya,185,83,67
clarins,/clarins/makeup/lepper/leppestift/clarins-joli-rouge-velvet-lips-732v-grenadine,156,73,76
clinique,/clinique/makeup/lepper/leppestift/clinique-almost-lipstick-black-honey,78,29,22
clinique,/clinique/makeup/lepper/leppestift/clinique-almost-lipstick-pink-honey,209,89,105
clinique,/clinique/makeup/lepper/leppestift/clinique-dramatically-different-lipstick-20-red-alert,196,18,47
clinique,/clinique/makeup/lepper/leppestift/clinique-chubby-stick-moisturizing-lip-colour-balm-super-strawberry,177,81,93
clinique,/clinique/makeup/lepper/leppestift/clinique-chubby-stick-moisturizing-lip-colour-balm-woppin-watermelon,219,130,145
clinique,/clinique/makeup/lepper/leppestift/clinique-chubby-stick-moisturizing-lip-colour-balm-fuller-fig,160,88,89
clinique,/clinique/makeup/lepper/leppestift/clinique-chubby-stick-moisturizing-lip-colour-balm-mighty-mimosa,227,114,124
clinique,/clinique/makeup/lepper/leppestift/clinique-pop-longwear-lipstick-shine-23-blush-pop,179,104,104
clinique,/clinique/makeup/lepper/leppestift/clinique-even-better-pop-lip-colour-foundation-lipstick-nestled,247,247,247
clinique,/clinique/makeup/lepper/leppestift/clinique-pop-longwear-lipstick-shine-5-melon-pop,226,108,103
clinique,/clinique/makeup/lepper/leppestift/clinique-pop-longwear-lipstick-shine-13-love-pop,160,56,87
clinique,/clinique/makeup/lepper/leppestift/clinique-pop-longwear-lipstick-shine-1-nude-pop,212,134,117
clinique,/clinique/makeup/lepper/leppestift/clinique-pop-longwear-lipstick-satin-33-mocha-pop,172,90,84
clinique,/clinique/makeup/lepper/leppestift/clinique-pop-longwear-lipstick-matte-1-blushing-pop,181,106,97
clinique,/clinique/makeup/lepper/leppestift/clinique-dramatically-different-lipstick-44-raspberry-glace,200,93,106
clinique,/clinique/makeup/lepper/leppestift/clinique-dramatically-different-lipstick-23-all-heart,202,88,94
clinique,/clinique/makeup/lepper/leppestift/clinique-dramatically-different-lipstick-17-strawberry-ice,203,107,111
clinique,/clinique/makeup/lepper/leppestift/clinique-pop-longwear-lipstick-satin-35-cola-pop,125,57,62
clinique,/clinique/makeup/lepper/leppestift/clinique-pop-longwear-lipstick-satin-41-petal-pop,200,106,99
clinique,/clinique/makeup/lepper/leppestift/clinique-pop-longwear-lipstick-satin-37-peppermint-pop,188,27,51
clinique,/clinique/makeup/lepper/leppestift/clinique-pop-longwear-lipstick-matte-9-beach-pop,163,93,94
clinique,/clinique/makeup/lepper/leppestift/clinique-pop-longwear-lipstick-matte-13-peony-pop,200,109,122
clinique,/clinique/makeup/lepper/leppestift/clinique-pop-longwear-lipstick-matte-2-icon-pop,144,42,50
dior,dior,/dior/makeup/lepper/leppestifter/dior-dior-addict-shine-lipstick-90-natural-origin-refillable-373-rose-celestial,231,113,134
dior,dior,/dior/makeup/lepper/leppestifter/dior-dior-addict-shine-lipstick-90-natural-origin-refillable-521-diorelita,189,108,110
dior,dior,/dior/makeup/lepper/leppestifter/dior-dior-addict-shine-lipstick-90-natural-origin-refillable-628-pink-bow,165,88,94
dior,dior,/dior/makeup/lepper/leppestifter/dior-dior-addict-refill-shine-lipstick-90-natural-origin-329-tie-Lipstick,dior,196,109,105
dior,dior,/dior/makeup/lepper/leppestifter/dior-rouge-dior-couture-colour-refillable-lipstick-743-rouge-zinnia,191,25,42
dior,/dior/makeup/lepper/leppestifter/dior-rouge-dior-couture-colour-refillable-lipstick-644-sydney,183,62,66
dior,/dior/makeup/lepper/leppestifter/dior-rouge-dior-couture-colour-refillable-lipstick-999-velvet,203,5,9
dior,/dior/makeup/lepper/leppestifter/dior-rouge-dior-couture-colour-refillable-lipstick-525-cherie,228,90,80
dior,/dior/makeup/lepper/leppestifter/dior-rouge-dior-forever-lipstick-999-forever-Lipstick,dior,219,47,43
dior,/dior/makeup/lepper/leppestifter/dior-dior-addict-shine-lipstick-90-natural-origin-refillable-329-tie-Lipstick,dior,196,109,105
dior,/dior/makeup/lepper/leppestifter/dior-rouge-dior-couture-color-lipstick-refill-683-rendez-vous,202,95,94
dior,/dior/makeup/lepper/leppestifter/dior-rouge-dior-forever-liquid-lipstick-100-forever-nude,179,119,111
dior,dior,/dior/makeup/lepper/leppestifter/dior-dior-addict-refill-shine-lipstick-90-natural-origin-418-beige-oblique,180,99,94
dior,dior,/dior/makeup/lepper/leppestifter/dior-dior-addict-refill-shine-lipstick-90-natural-origin-422-rose-des-vents,192,110,110
dior,dior,/dior/makeup/lepper/leppestifter/dior-dior-addict-refill-shine-lipstick-90-natural-origin-976-be-Lipstick,dior,196,33,48
dior,/dior/makeup/lepper/leppestifter/dior-dior-addict-lip-tint-351-natural-nude,211,79,105
dior,/dior/makeup/lepper/leppestifter/dior-dior-addict-lip-tint-541-natural-sienna,193,65,57
dior,/dior/makeup/lepper/leppestifter/dior-dior-addict-lip-tint-491-natural-rosewood,157,56,74
dior,/dior/makeup/lepper/leppestifter/dior-rouge-dior-forever-liquid-lipstick-999-forever-Lipstick,dior,166,27,25
dior,/dior/makeup/lepper/leppestifter/dior-rouge-dior-forever-liquid-lipstick-558-forever-grace,167,87,91
dior,/dior/makeup/lepper/leppestifter/dior-rouge-dior-forever-liquid-lipstick-300-forever-nude-style,161,95,90
dior,/dior/makeup/lepper/leppestifter/dior-dior-addict-lip-tint-771-natural-berry,143,33,41
dior,dior,/dior/makeup/lepper/leppestifter/dior-rouge-dior-forever-lipstick-883-forever-daring,135,44,57
dior,dior,/dior/makeup/lepper/leppestifter/dior-rouge-dior-forever-lipstick-100-forever-nude-look,212,142,127
dior,dior,/dior/makeup/lepper/leppestifter/dior-rouge-dior-forever-lipstick-742-forever-sisterhood,215,30,45
dior,/dior/makeup/lepper/leppestifter/dior-rouge-dior-couture-color-lipstick-refill-964-ambitious,164,78,83
dior,/dior/makeup/lepper/leppestifter/dior-rouge-dior-couture-color-lipstick-refill-277-osee,222,122,139
dior,/dior/makeup/lepper/leppestifter/dior-rouge-dior-couture-color-lipstick-refill-434-promenade,166,77,67
dior,/dior/makeup/lepper/leppestifter/dior-rouge-dior-forever-liquid-lipstick-875-enigmatic,171,24,26
dior,/dior/makeup/lepper/leppestifter/dior-rouge-dior-forever-liquid-lipstick-890-triumphant,216,46,12
dior,/dior/makeup/lepper/leppestifter/dior-rouge-dior-forever-liquid-lipstick-840-rayonnante,196,41,19
dior,/dior/makeup/lepper/leppestifter/dior-rouge-dior-balm-refill-000-diornatural,91,21,83
dolce-gabbana,/dolce-gabbana/makeup/lepper/leppestift/dolce-gabbana-everkiss-liquid-lip-no-transfer-soft-matte-lipstick-200-gratitude,191,92,94
dolce-gabbana,/dolce-gabbana/makeup/lepper/leppestift/dolce-gabbana-everkiss-liquid-lip-no-transfer-soft-matte-lipstick-100-hope,181,128,112
dolce-gabbana,/dolce-gabbana/makeup/lepper/leppestift/dolce-gabbana-everkiss-liquid-lip-no-transfer-soft-matte-lipstick-105-respect,196,124,115
dolce-gabbana,/dolce-gabbana/makeup/lepper/leppestift/dolce-gabbana-everkiss-liquid-lip-no-transfer-soft-matte-lipstick-110-generosity,180,106,88
dolce-gabbana,/dolce-gabbana/makeup/lepper/leppestift/dolce-gabbana-my-sculpt-satin-lasting-color-hydration-lip-stylo-my-01.01,230,115,116
dolce-gabbana,/dolce-gabbana/makeup/lepper/leppestift/dolce-gabbana-my-juicy-sheer-instant-shine-hydration-lip-stylo-my-19.03,155,25,38
dolce-gabbana,/dolce-gabbana/makeup/lepper/leppestift/dolce-gabbana-gemstone-lip-stick-shine-finish-415-sapphire-rust,156,33,47
dolce-gabbana,/dolce-gabbana/makeup/lepper/leppestift/dolce-gabbana-my-sculpt-satin-lasting-color-hydration-lip-stylo-my-23.04,149,58,58
dolce-gabbana,/dolce-gabbana/makeup/lepper/leppestift/dolce-gabbana-my-sculpt-satin-lasting-color-hydration-lip-stylo-my-1984,194,95,85
dolce-gabbana,/dolce-gabbana/makeup/lepper/leppestift/dolce-gabbana-my-sculpt-satin-lasting-color-hydration-lip-stylo-my-30.07,222,136,102
dolce-gabbana,/dolce-gabbana/makeup/lepper/leppestift/dolce-gabbana-my-comfy-matte-instant-rich-color-hydration-lip-stylo-my-2018,195,20,50
dolce-gabbana,/dolce-gabbana/makeup/lepper/leppestift/dolce-gabbana-my-comfy-matte-instant-rich-color-hydration-lip-stylo-my-14.02,181,14,53
dolce-gabbana,/dolce-gabbana/makeup/lepper/leppestift/dolce-gabbana-my-comfy-matte-instant-rich-color-hydration-lip-stylo-my-01.03,211,62,84
dolce-gabbana,/dolce-gabbana/makeup/lepper/leppestift/dolce-gabbana-my-comfy-matte-instant-rich-color-hydration-lip-stylo-my-26.09,174,81,65
dolce-gabbana,/dolce-gabbana/makeup/lepper/leppestift/dolce-gabbana-gemstone-lip-stick-shine-finish-115-ruby-blush,215,125,130
dolce-gabbana,/dolce-gabbana/makeup/lepper/leppestift/dolce-gabbana-gemstone-lip-stick-shine-finish-210-amethyst-rose,198,98,94
dolce-gabbana,/dolce-gabbana/makeup/lepper/leppestift/dolce-gabbana-gemstone-lip-stick-shine-finish-420-emerald-scarlett,181,14,53
dolce-gabbana,/dolce-gabbana/makeup/lepper/leppestift/dolce-gabbana-my-juicy-sheer-instant-shine-hydration-lip-stylo-my-13.03,211,30,70
dolce-gabbana,/dolce-gabbana/makeup/lepper/leppestift/dolce-gabbana-my-juicy-sheer-instant-shine-hydration-lip-stylo-my-01.08,155,25,38
dolce-gabbana,/dolce-gabbana/makeup/lepper/leppestift/dolce-gabbana-my-juicy-sheer-instant-shine-hydration-lip-stylo-my-333,204,60,78
e.l.f,/e.l.f/makeup/lepper/leppestift/e.l.f.-hydrating-core-lip-shine-happy,207,112,116
e.l.f,/e.l.f/makeup/lepper/leppestift/e.l.f.-hydrating-core-lip-shine-delightful,163,78,99
e.l.f,/e.l.f/makeup/lepper/leppestift/e.l.f.-hydrating-core-lip-shine-ecstatic,120,68,80
e.l.f,/e.l.f/makeup/lepper/leppestift/e.l.f.-hydrating-core-lip-shine-joyful,216,85,91
e.l.f,/e.l.f/makeup/lepper/leppestift/e.l.f.-pout-clout-lip-plumping-pen-wicked-cherry,86,31,16
e.l.f,/e.l.f/makeup/lepper/leppestift/e.l.f.-o-face-satin-lipstick-all-night,7,7,7
e.l.f,/e.l.f/makeup/lepper/leppestift/e.l.f.-o-face-satin-lipstick-smolder,109,42,59
e.l.f,/e.l.f/makeup/lepper/leppestift/e.l.f.-o-face-satin-lipstick-dirty-talk,204,126,121
e.l.f,/e.l.f/makeup/lepper/leppestift/e.l.f.-o-face-satin-lipstick-pleased,194,117,130
e.l.f,/e.l.f/makeup/lepper/leppestift/e.l.f.-pout-clout-lip-plumping-pen-pinky-out,215,119,89
e.l.f,/e.l.f/makeup/lepper/leppestift/e.l.f.-pout-clout-lip-plumping-pen-bust-a-mauve,111,67,53
e.l.f,/e.l.f/makeup/lepper/leppestift/e.l.f.-pout-clout-lip-plumping-pen-in-the-clear,239,238,233
e.l.f,/e.l.f/makeup/lepper/leppestift/e.l.f.-pout-clout-lip-plumping-pen-just-peachy,215,119,89
e.l.f,/e.l.f/makeup/lepper/leppestift/e.l.f.-o-face-frosted-balm-choco-litty,247,247,247
elizabeth-arden,/elizabeth-arden/makeup/lepper/leppestift/elizabeth-arden-lip-color-cream-lipstick-petal-pink,244,153,184
elizabeth-arden,/elizabeth-arden/makeup/lepper/leppestift/elizabeth-arden-lip-color-cream-lipstick-notably-nude,223,142,137
elizabeth-arden,/elizabeth-arden/makeup/lepper/leppestift/elizabeth-arden-lip-color-cream-lipstick-dreamy-mauve,149,59,89
elizabeth-arden,/elizabeth-arden/makeup/lepper/leppestift/elizabeth-arden-lip-color-cream-lipstick-truly-pink,242,113,134
elizabeth-arden,/elizabeth-arden/makeup/lepper/leppestift/elizabeth-arden-lip-color-matte-lipstick-legendary-red,232,28,53
elizabeth-arden,/elizabeth-arden/makeup/lepper/leppestift/elizabeth-arden-lip-color-matte-lipstick-ambitious-mauve,137,41,61
elizabeth-arden,/elizabeth-arden/makeup/lepper/leppestift/elizabeth-arden-lip-color-matte-lipstick-embrace-pink,221,95,92
elizabeth-arden,/elizabeth-arden/makeup/lepper/leppestift/elizabeth-arden-lip-color-matte-lipstick-more-mulberry,160,0,84
estee-lauder,/estee-lauder/makeup/lepper/leppestift/estee-lauder-pure-color-lipstick-creme-440-irresistible,169,95,102
estee-lauder,/estee-lauder/makeup/lepper/leppestift/estee-lauder-pure-color-lipstick-creme-420-rebellious-rose,189,81,91
estee-lauder,/estee-lauder/makeup/lepper/leppestift/estee-lauder-pure-color-lipstick-creme-410-dynamic,188,104,117
estee-lauder,/estee-lauder/makeup/lepper/leppestift/estee-lauder-pure-color-lipstick-creme-330-impassioned,216,44,68
estee-lauder,/estee-lauder/makeup/lepper/leppestift/estee-lauder-pure-color-lipstick-hi-lustre-546-angel-lips,201,127,124
estee-lauder,/estee-lauder/makeup/lepper/leppestift/estee-lauder-pure-color-lipstick-matte-836-love-bite,193,122,123
estee-lauder,/estee-lauder/makeup/lepper/leppestift/estee-lauder-pure-color-explicit-slick-shine-lipstick-404-no-tomorrow,109,61,59
estee-lauder,/estee-lauder/makeup/lepper/leppestift/estee-lauder-pure-color-whipped-matte-lip-929-sweet-tart,164,100,114
estee-lauder,/estee-lauder/makeup/lepper/leppestift/estee-lauder-pure-color-whipped-matte-lip-921-air-kiss,170,102,99
estee-lauder,/estee-lauder/makeup/lepper/leppestift/estee-lauder-pure-color-whipped-matte-lip-924-soft-hearted,135,59,63
estee-lauder,/estee-lauder/makeup/lepper/leppestift/estee-lauder-pure-color-whipped-matte-lip-925-social-whirl,154,42,80
estee-lauder,/estee-lauder/makeup/lepper/leppestift/estee-lauder-pure-color-lipstick-hi-lustre-111-tiger-eye,173,89,81
estee-lauder,/estee-lauder/makeup/lepper/leppestift/estee-lauder-pure-color-lipstick-hi-lustre-420-rebellious-rose,189,96,106
estee-lauder,/estee-lauder/makeup/lepper/leppestift/estee-lauder-pure-color-explicit-slick-shine-lipstick-333-sabotage,162,68,66
estee-lauder,/estee-lauder/makeup/lepper/leppestift/estee-lauder-pure-color-explicit-slick-shine-lipstick-902-call-555,103,68,62
estee-lauder,/estee-lauder/makeup/lepper/leppestift/estee-lauder-pure-color-explicit-slick-shine-lipstick-915-score-to-settle,154,31,58
estee-lauder,/estee-lauder/makeup/lepper/leppestift/estee-lauder-pure-color-lipstick-matte-557-fragile-ego,168,73,74
estee-lauder,/estee-lauder/makeup/lepper/leppestift/estee-lauder-pure-color-lipstick-matte-420-rebellious-rose,194,102,104
estee-lauder,/estee-lauder/makeup/lepper/leppestift/estee-lauder-pure-color-lipstick-matte-667-deny-all,206,50,61
florence-by-mills,/florence-by-mills/makeup/lepper/leppestift/florence-by-mills-be-a-vip-velvet-liquid-lipstick-killing-it,182,108,109
florence-by-mills,/florence-by-mills/makeup/lepper/leppestift/florence-by-mills-be-a-vip-velvet-liquid-lipstick-beautiful-periodt,130,55,62
florence-by-mills,/florence-by-mills/makeup/lepper/leppestift/florence-by-mills-be-a-vip-velvet-liquid-lipstick-go-off,207,87,138
florence-by-mills,/florence-by-mills/makeup/lepper/leppestift/florence-by-mills-be-a-vip-velvet-liquid-lipstick-hello-gorgeous,180,57,65
guerlain,/guerlain/makeup/lepper/guerlain-rouge-g-matte-lipstick-40,224,63,91
hourglass,/hourglass/makeup/lepper/leppestift/hourglass-unlocked-satin-creme-lipstick-tide-302,200,144,135
hourglass,/hourglass/makeup/lepper/leppestift/hourglass-unlocked-satin-creme-lipstick-oasis-312,102,102,102
hourglass,/hourglass/makeup/lepper/leppestift/hourglass-unlocked-satin-creme-lipstick-dahlia-318,163,88,87
hourglass,/hourglass/makeup/lepper/leppestift/hourglass-unlocked-satin-creme-lipstick-alpine-304,188,126,113
hourglass,/hourglass/makeup/lepper/leppestift/hourglass-unlocked-soft-matte-lipstick-foxglove,161,79,71
hourglass,/hourglass/makeup/lepper/leppestift/hourglass-unlocked-soft-matte-lipstick-sparrow,144,80,71
hourglass,/hourglass/makeup/lepper/leppestift/hourglass-unlocked-soft-matte-lipstick-tigerlily,198,88,77
hourglass,/hourglass/makeup/lepper/leppestift/hourglass-unlocked-soft-matte-lipstick-currant,94,31,27
hourglass,/hourglass/makeup/lepper/leppestift/hourglass-velvet-story-lip-cream-touch,181,107,108
hourglass,/hourglass/makeup/lepper/leppestift/hourglass-velvet-story-lip-cream-crush,205,83,90
hourglass,/hourglass/makeup/lepper/leppestift/hourglass-velvet-story-lip-cream-hint,220,166,155
hourglass,/hourglass/makeup/lepper/leppestift/hourglass-velvet-story-lip-cream-indulge,171,92,87
hourglass,/hourglass/makeup/lepper/leppestift/hourglass-confession-ultra-slim-high-intensity-lipstick-refill-red-0,247,247,247
hourglass,/hourglass/makeup/lepper/leppestift/hourglass-confession-duo-sculpture,247,247,247
hourglass,/hourglass/makeup/lepper/leppestift/hourglass-confession-ultra-slim-high-intensity-refillable-lipstick-red-0,247,247,247
hourglass,/hourglass/makeup/lepper/leppestift/hourglass-confession-ultra-slim-lipstick-17-i-always,199,51,83
hourglass,/hourglass/makeup/lepper/leppestift/hourglass-confession-ultra-slim-lipstick-12-ive-been,85,36,26
hourglass,/hourglass/makeup/lepper/leppestift/hourglass-confession-ultra-slim-lipstick-16-im-addicted,148,65,61
hourglass,/hourglass/makeup/lepper/leppestift/hourglass-confession-ultra-slim-lipstick-19-i-live-for,220,57,30
idun-minerals,/idun-minerals/makeup/lepper/leppestift/idun-minerals-creme-lipstick-sylvia,144,44,82
idun-minerals,/idun-minerals/makeup/lepper/leppestift/idun-minerals-creme-lipstick-alice,209,108,114
idun-minerals,/idun-minerals/makeup/lepper/leppestift/idun-minerals-matte-lipstick-hjortron,211,134,110
idun-minerals,/idun-minerals/makeup/lepper/leppestift/idun-minerals-matte-lipstick-bjornbar,147,65,77
idun-minerals,/idun-minerals/makeup/lepper/leppestift/idun-minerals-matte-lipstick-jordgubb,159,42,60
idun-minerals,/idun-minerals/makeup/lepper/leppestift/idun-minerals-matte-lipstick-jungfrubar,188,96,85
isadora,/isadora/makeup/lepper/leppestift/isadora-perfect-moisture-lipstick-crystal-rosemauve,176,94,147
isadora,/isadora/makeup/lepper/leppestift/isadora-perfect-moisture-lipstick-dusty-rose,181,103,107
isadora,/isadora/makeup/lepper/leppestift/isadora-perfect-moisture-lipstick-pink-pompas,201,132,139
isadora,/isadora/makeup/lepper/leppestift/isadora-perfect-moisture-lipstick-cranberry,132,62,63
isadora,/isadora/makeup/lepper/leppestift/isadora-matte-lipstick-longwear-01-natural-nude,167,116,112
isadora,/isadora/makeup/lepper/leppestift/isadora-matte-lipstick-longwear-04-bare-pink,167,116,112
isadora,/isadora/makeup/lepper/leppestift/isadora-matte-lipstick-longwear-07-dreamy-rose,133,73,85
isadora,/isadora/makeup/lepper/leppestift/isadora-matte-lipstick-longwear-10-true-blossom,186,99,108
isadora,/isadora/makeup/lepper/leppestift/isadora-perfect-moisture-lipstick-refill-burnished-pink,196,128,128
isadora,/isadora/makeup/lepper/leppestift/isadora-perfect-moisture-lipstick-refill-precious-rose,205,94,115
isadora,/isadora/makeup/lepper/leppestift/isadora-perfect-moisture-lipstick-refill-mocha-mauve,134,85,87
isadora,/isadora/makeup/lepper/leppestift/isadora-perfect-moisture-lipstick-refill-chocolate-kiss,108,67,55
kvd,/kvd/makeup/lepper/leppestift/kvd-everlasting-hyperlight-liquid-lipstick-mini-queen-of-poisons,247,247,247
kvd,/kvd/makeup/lepper/leppestift/kvd-everlasting-hyperlight-liquid-lipstick-spiked-celosia,189,72,92
kvd,/kvd/makeup/lepper/leppestift/kvd-everlasting-hyperlight-liquid-lipstick-snake-willow,143,93,81
kvd,/kvd/makeup/lepper/leppestift/kvd-everlasting-hyperlight-liquid-lipstick-midnight-phlox,108,47,48
kvd,/kvd/makeup/lepper/leppestift/kvd-everlasting-hyperlight-liquid-lipstick-quicksand-rose,176,97,88
a-bruket,/la-bruket/makeup/lepper/leppestift/la-bruket-trio-classic-night-sos-325-wellbeing-lip-balm-trio,247,247,247
loreal-paris,/loreal-paris/makeup/lepper/leppestift/loreal-paris-color-riche-satin-lipstick-235-nude,216,135,140
loreal-paris,/loreal-paris/makeup/lepper/leppestift/loreal-paris-color-riche-satin-lipstick-110-made-in-paris,200,94,100
loreal-paris,/loreal-paris/makeup/lepper/leppestift/loreal-paris-color-riche-satin-lipstick-258-berry-blush,171,73,93
loreal-paris,/loreal-paris/makeup/lepper/leppestift/loreal-paris-color-riche-satin-lipstick-129-montmartre,210,117,139
loreal-paris,/loreal-paris/makeup/lepper/leppestift/loreal-paris-color-riche-lipstick-173-nu-impertinent,184,107,108
loreal-paris,/loreal-paris/makeup/lepper/leppestift/loreal-paris-glow-paradise-balm-in-lipstick-193-rose-mirage,217,101,116
loreal-paris,/loreal-paris/makeup/lepper/leppestift/loreal-paris-color-riche-intense-volume-matte-lipstick-601-worth-it,184,107,108
loreal-paris,/loreal-paris/makeup/lepper/leppestift/loreal-paris-color-riche-satin-nudes-lipstick-181-nu-intense,223,125,119
loreal-paris,/loreal-paris/makeup/lepper/leppestift/loreal-paris-infaillible-matte-resistance-420-le-rouge-paris,247,247,247
loreal-paris,/loreal-paris/makeup/lepper/leppestift/loreal-paris-infaillible-matte-resistance-115-snooze-your-alarm,247,247,247
loreal-paris,/loreal-paris/makeup/lepper/leppestift/loreal-paris-infaillible-matte-resistance-150-lazy-sunday,247,247,247
loreal-paris,/loreal-paris/makeup/lepper/leppestift/loreal-paris-infaillible-matte-resistance-105-breakfast-in-bed,247,247,247
loreal-paris,/loreal-paris/makeup/lepper/leppestift/loreal-paris-color-riche-intense-volume-matte-lipstick-570-worth-it-intense,138,72,70
loreal-paris,/loreal-paris/makeup/lepper/leppestift/loreal-paris-color-riche-intense-volume-matte-lipstick-480-le-plum-dominant,143,17,26
loreal-paris,/loreal-paris/makeup/lepper/leppestift/loreal-paris-color-riche-intense-volume-matte-lipstick-241-le-coral-irreverent,224,103,102
loreal-paris,/loreal-paris/makeup/lepper/leppestift/loreal-paris-color-riche-lipstick-630-beige-a-nu-48,207,115,111
loreal-paris,/loreal-paris/makeup/lepper/leppestift/loreal-paris-color-riche-lipstick-lor-color-riche-satin-blush-fever,192,78,104
loreal-paris,/loreal-paris/makeup/lepper/leppestift/loreal-paris-color-riche-lipstick-176-nu-irreverent,182,80,77
loreal-paris,/loreal-paris/makeup/lepper/leppestift/loreal-paris-glow-paradise-balm-in-lipstick-112-pastel-exalation,222,135,131
loreal-paris,/loreal-paris/makeup/lepper/leppestift/loreal-paris-glow-paradise-balm-in-lipstick-191-nude-heaven,190,107,99
loreal-paris,/loreal-paris/makeup/lepper/leppestift/loreal-paris-glow-paradise-balm-in-lipstick-642-beige-eden,204,128,116
loreal-paris,/loreal-paris/makeup/lepper/leppestift/loreal-paris-color-riche-satin-nudes-lipstick-174-nu-insouschient,172,64,89
lancome,lancome,/lancome/makeup/lepper/leppestift/lancome-labsolu-rouge-cream-lipstick-368-rose-Lipstick,lancome,193,27,67
lancome,lancome,/lancome/makeup/lepper/leppestift/lancome-labsolu-rouge-cream-lipstick-11-rose-nature,153,57,45
lancome,lancome,/lancome/makeup/lepper/leppestift/lancome-labsolu-rouge-cream-lipstick-250-tendre-mirage,213,161,151
lancome,lancome,/lancome/makeup/lepper/leppestift/lancome-labsolu-rouge-cream-lipstick-06-rose-nu,176,86,96
lancome,/lancome/makeup/lepper/leppestift/lancome-lip-idole-butterglow-60-million-dollar-berry,112,59,62
lancome,/lancome/makeup/lepper/leppestift/lancome-lip-idole-butterglow-10-keep-it-glowy,230,164,170
lancome,/lancome/makeup/lepper/leppestift/lancome-lip-idole-butterglow-28-pink-squad,202,128,124
lancome,/lancome/makeup/lepper/leppestift/lancome-lip-idole-butterglow-30-lisas-coral-glow,153,78,87
lancome,/lancome/makeup/lepper/leppestift/lancome-labsolu-rouge-intimatte-lipstick-320,189,122,130
lancome,/lancome/makeup/lepper/leppestift/lancome-labsolu-rouge-drama-matte-lipstick-290,157,88,106
lancome,/lancome/makeup/lepper/leppestift/lancome-labsolu-rouge-drama-matte-lipstick-196,171,75,61
lancome,/lancome/makeup/lepper/leppestift/lancome-labsolu-rouge-drama-matte-lipstick-295,192,77,74
lancome,/lancome/makeup/lepper/leppestift/lancome-labsolu-rouge-drama-matte-lipstick-274,156,86,76
lancome,/lancome/makeup/lepper/leppestift/lancome-labsolue-rouge-drama-ink-lipstick-555-soif-de-vivre,186,74,84
lancome,/lancome/makeup/lepper/leppestift/lancome-labsolue-rouge-drama-ink-lipstick-274-french-tea,185,96,88
lancome,/lancome/makeup/lepper/leppestift/lancome-labsolue-rouge-drama-ink-lipstick-270-peau-contre-peau,166,68,84
lancome,/lancome/makeup/lepper/leppestift/lancome-labsolue-rouge-drama-ink-lipstick-311-rose-cherie,213,104,122
lancome,/lancome/makeup/lepper/leppestift/lancome-labsolu-rouge-intimatte-lipstick-505,153,53,63
lancome,/lancome/makeup/lepper/leppestift/lancome-labsolu-rouge-intimatte-lipstick-196,152,55,48
lancome,/lancome/makeup/lepper/leppestift/lancome-labsolu-rouge-intimatte-lipstick-274,148,87,84
laura-mercier,/laura-mercier/makeup/lepper/leppestift/laura-mercier-caviar-smoothing-matte-lipstick-136-chantilly-lace,207,152,138
laura-mercier,/laura-mercier/makeup/lepper/leppestift/laura-mercier-caviar-smoothing-matte-lipstick-168-pink-chiffon,163,114,104
laura-mercier,/laura-mercier/makeup/lepper/leppestift/laura-mercier-caviar-smoothing-matte-lipstick-500-flame-challis,196,65,51
laura-mercier,/laura-mercier/makeup/lepper/leppestift/laura-mercier-caviar-smoothing-matte-lipstick-143-nude-sateen,181,133,110
laura-mercier,/laura-mercier/makeup/lepper/leppestift/laura-mercier-rouge-essentiel-silky-creme-lipstick-brun-naturel,148,91,87
laura-mercier,/laura-mercier/makeup/lepper/leppestift/laura-mercier-rouge-essentiel-silky-creme-lipstick-la-rose,197,99,112
laura-mercier,/laura-mercier/makeup/lepper/leppestift/laura-mercier-rouge-essentiel-silky-creme-lipstick-beige-intime,161,95,86
laura-mercier,/laura-mercier/makeup/lepper/leppestift/laura-mercier-rouge-essentiel-silky-creme-lipstick-brun-pale,197,128,94
laura-mercier,/laura-mercier/makeup/lepper/leppestift/laura-mercier-lip-glace-hydrating-balm-gloss-vanille,220,157,120
laura-mercier,/laura-mercier/makeup/lepper/leppestift/laura-mercier-lip-glace-hydrating-balm-gloss-rose,243,162,147
laura-mercier,/laura-mercier/makeup/lepper/leppestift/laura-mercier-lip-glace-hydrating-balm-gloss-melon-sorbet,226,124,112
laura-mercier,/laura-mercier/makeup/lepper/leppestift/laura-mercier-lip-glace-hydrating-balm-gloss-macaron,229,161,155
laura-mercier,/laura-mercier/makeup/lepper/leppestift/laura-mercier-high-vibe-lip-color-peek,174,85,74
laura-mercier,/laura-mercier/makeup/lepper/leppestift/laura-mercier-rouge-tendre-soft-matte-tinted-lip-moisturizer-323-maia,226,110,113
laura-mercier,/laura-mercier/makeup/lepper/leppestift/laura-mercier-high-vibe-lip-color-love,132,61,56
laura-mercier,/laura-mercier/makeup/lepper/leppestift/laura-mercier-high-vibe-lip-color-joy,217,135,119
laura-mercier,/laura-mercier/makeup/lepper/leppestift/laura-mercier-high-vibe-lip-color-blaze,176,68,70
laura-mercier,/laura-mercier/makeup/lepper/leppestift/laura-mercier-rouge-tendre-soft-matte-tinted-lip-moisturizer-320-amelie,239,107,92
laura-mercier,/laura-mercier/makeup/lepper/leppestift/laura-mercier-rouge-tendre-soft-matte-tinted-lip-moisturizer-362-leonie,238,97,81
laura-mercier,/laura-mercier/makeup/lepper/leppestift/laura-mercier-rouge-tendre-soft-matte-tinted-lip-moisturizer-340-elodie,186,88,102
laura-mercier,/laura-mercier/makeup/lepper/leppestift/laura-mercier-caviar-smoothing-matte-lipstick-refill-143-nude-sateen,181,133,110
laura-mercier,/laura-mercier/makeup/lepper/leppestift/laura-mercier-caviar-smoothing-matte-lipstick-refill-888-coral-velour,186,91,88
laura-mercier,/laura-mercier/makeup/lepper/leppestift/laura-mercier-caviar-smoothing-matte-lipstick-refill-168-pink-chiffon,163,114,104
laura-mercier,/laura-mercier/makeup/lepper/leppestift/laura-mercier-caviar-smoothing-matte-lipstick-refill-198-brown-suede,123,80,73
lh-cosmetics,/lh-cosmetics/makeup/lepper/leppestift/lh-cosmetics-fantastick-goldstone,199,91,101
lh-cosmetics,/lh-cosmetics/makeup/lepper/leppestift/lh-cosmetics-fantastick-berry,127,40,85
lh-cosmetics,/lh-cosmetics/makeup/lepper/leppestift/lh-cosmetics-fantastick-pink-opal,214,147,138
lh-cosmetics,/lh-cosmetics/makeup/lepper/leppestift/lh-cosmetics-fantastick-poppy,167,53,58
lh-cosmetics,/lh-cosmetics/makeup/lepper/leppestift/lh-cosmetics-majestick-lipstick-dusty-pink,181,108,110
lh-cosmetics,/lh-cosmetics/makeup/lepper/leppestift/lh-cosmetics-majestick-lipstick-cherry,126,36,25
lh-cosmetics,/lh-cosmetics/makeup/lepper/leppestift/lh-cosmetics-majestick-lipstick-light-beige,208,148,131
lh-cosmetics,/lh-cosmetics/makeup/lepper/leppestift/lh-cosmetics-majestick-lipstick-mellow-mauve,211,129,115
lh-cosmetics,/lh-cosmetics/makeup/lepper/leppestift/lh-cosmetics-velvet-couture-multi-use-liquid-lipstick-dusty-pink,150,89,94
lh-cosmetics,/lh-cosmetics/makeup/lepper/leppestift/lh-cosmetics-velvet-couture-multi-use-liquid-lipstick-deep-nougat,88,64,52
lh-cosmetics,/lh-cosmetics/makeup/lepper/leppestift/lh-cosmetics-velvet-couture-multi-use-liquid-lipstick-deep-pink,129,66,77
lh-cosmetics,/lh-cosmetics/makeup/lepper/leppestift/lh-cosmetics-velvet-couture-multi-use-liquid-lipstick-nougat,141,104,86
lh-cosmetics,/lh-cosmetics/makeup/lepper/leppestift/lh-cosmetics-fantastick-carefree,247,247,247
lumene,/lumene/makeup/lepper/leppestift/lumene-luminous-moisture-lipstick-08-wild-rose,220,90,97
lumene,/lumene/makeup/lepper/leppestift/lumene-luminous-moisture-lipstick-05-heather-heart,170,75,75
lumene,/lumene/makeup/lepper/leppestift/lumene-luminous-moisture-lipstick-02-autumn-kiss,201,112,101
lumene,/lumene/makeup/lepper/leppestift/lumene-luminous-moisture-lipstick-06-winter-rose,200,92,80
mac,/mac/makeup/lepper/leppestift/mac-lustreglass-lipstick-thanks-its-Lipstick,mac,203,114,108
mac,/mac/makeup/lepper/leppestift/mac-lustreglass-lipstick-syrup,189,103,114
mac,/mac/makeup/lepper/leppestift/mac-lustreglass-lipstick-$ellout,225,122,117
mac,/mac/makeup/lepper/leppestift/mac-lustreglass-lipstick-hug-me,173,99,88
mac,/mac/makeup/lepper/leppestift/mac-macximal-sleek-satin-lipstick-33-creme-cup,216,114,109
mac,/mac/makeup/lepper/leppestift/mac-macximal-silky-matte-lipstick-velvet-teddy,144,80,74
mac,/mac/makeup/lepper/leppestift/mac-mini-macximal-sleek-satin-lipstick-1-centre-of-attention,211,7,38
mac,/mac/makeup/lepper/leppestift/mac-powder-kiss-lipstick-brickthrough,182,84,81
mac,/mac/makeup/lepper/leppestift/mac-frost-lipstick-angel,217,161,167
mac,/mac/makeup/lepper/leppestift/mac-macximal-sleek-satin-lipstick-24-creme-dnude,221,140,111
mac,/mac/makeup/lepper/leppestift/mac-macximal-sleek-satin-lipstick-26-blankety,206,121,106
mac,/mac/makeup/lepper/leppestift/mac-macximal-sleek-satin-lipstick-34-modesty,187,104,96
mac,/mac/makeup/lepper/leppestift/mac-macximal-viva-glam-lipstick-viva-planet,212,144,124
mac,/mac/makeup/lepper/leppestift/mac-macximal-silky-matte-lipstick-honey-love,191,125,110
mac,/mac/makeup/lepper/leppestift/mac-macximal-silky-matte-lipstick-mehr,152,92,95
mac,/mac/makeup/lepper/leppestift/mac-macximal-silky-matte-lipstick-ruby-woo,137,12,34
mac,/mac/makeup/lepper/leppestift/mac-macximal-viva-glam-lipstick-viva-empowered,136,65,68
mac,/mac/makeup/lepper/leppestift/mac-macximal-viva-glam-lipstick-viva-equality,185,112,93
mac,/mac/makeup/lepper/leppestift/mac-macximal-viva-glam-lipstick-viva-heart,179,58,54
mac,/mac/makeup/lepper/leppestift/mac-frost-lipstick-gel,231,199,175
mac,/mac/makeup/lepper/leppestift/mac-frost-lipstick-bombshell,204,124,146
mac,/mac/makeup/lepper/leppestift/mac-frost-lipstick-plum-dandy,173,116,129
mac,/mac/makeup/lepper/leppestift/mac-cremesheen-lipstick-dozen-carnations,247,247,247
mac,/mac/makeup/lepper/leppestift/mac-powder-kiss-lipstick-teddy-2.0,172,98,89
mac,/mac/makeup/lepper/leppestift/mac-powder-kiss-lipstick-sultriness,224,118,140
mac,/mac/makeup/lepper/leppestift/mac-powder-kiss-lipstick-mull-it-over,193,93,89
mac,/mac/makeup/lepper/leppestift/mac-amplified-lipstick-dubonnet,247,247,247
mac,/mac/makeup/lepper/leppestift/mac-mini-macximal-sleek-satin-lipstick-57-paramount,110,32,27
mac,/mac/makeup/lepper/leppestift/mac-mini-macximal-sleek-satin-lipstick-21-dubonnet,132,32,32
mac,/mac/makeup/lepper/leppestift/mac-mini-macximal-sleek-satin-lipstick-39-brick-o-la,151,51,55
mac,/mac/makeup/lepper/leppestift/mac-locked-kiss-24hr-lipstick-ruby-true,183,53,55
mac,/mac/makeup/lepper/leppestift/mac-locked-kiss-24hr-lipstick-connoisseur,216,91,114
mac,/mac/makeup/lepper/leppestift/mac-locked-kiss-24hr-lipstick-mischief,184,102,95
mac,/mac/makeup/lepper/leppestift/mac-locked-kiss-24hr-lipstick-meticulous,181,97,77
mac,/mac/makeup/lepper/leppestift/mac-locked-kiss-ink-lipcolour-mischief,164,84,81
mac,/mac/makeup/lepper/leppestift/mac-locked-kiss-ink-lipcolour-mull-it-over-over,152,69,74
mac,/mac/makeup/lepper/leppestift/mac-locked-kiss-ink-lipcolour-upgraded,162,79,85
mac,/mac/makeup/lepper/leppestift/mac-locked-kiss-ink-lipcolour-extra-chili,174,53,50
mac,/mac/makeup/lepper/leppestift/mac-powder-kiss-liquid-lipcolour-mac-smash,203,19,53
mac,/mac/makeup/lepper/leppestift/mac-retro-matte-liquid-lipcolour-chili-addict,247,247,247
mac,/mac/makeup/lepper/leppestift/mac-powder-kiss-velvet-blur-slim-stick-mull-it-over,164,95,81
mac,/mac/makeup/lepper/leppestift/mac-powder-kiss-velvet-blur-slim-stick-wild-rebel,114,67,107
mac,/mac/makeup/lepper/leppestift/mac-powder-kiss-velvet-blur-slim-stick-ruby-new,165,12,42
mac,/mac/makeup/lepper/leppestift/mac-powder-kiss-velvet-blur-slim-stick-dubonnet-buzz,201,92,84
mac,/mac/makeup/lepper/leppestift/mac-powder-kiss-liquid-lipcolour-ruby-boo,130,20,36
mac,/mac/makeup/lepper/leppestift/mac-powder-kiss-liquid-lipcolour-more-the-mehr-ier,185,83,104
mac,/mac/makeup/lepper/leppestift/mac-powder-kiss-liquid-lipcolour-date-maker,194,105,99
mac,/mac/makeup/lepper/leppestift/mac-frost-lipstick-brushed-in-bronze-brushed-in-bronze,186,107,81
mac,/mac/makeup/lepper/leppestift/mac-frost-lipstick-brushed-in-bronze-m-a-cgenta,175,22,93
mac,/mac/makeup/lepper/leppestift/mac-frost-lipstick-brushed-in-bronze-regal-red,176,50,34
mac,/mac/makeup/lepper/liquid-lipstick/mac-retro-matte-liquid-lipcolor-125-caviar,30,27,27
maria-akerberg,/maria-akerberg/makeup/lepper/leppestift/maria-akerberg-lip-care-colour-champange,216,144,139
maria-akerberg,/maria-akerberg/makeup/lepper/leppestift/maria-akerberg-lip-care-colour-blossom,241,124,97
maria-akerberg,/maria-akerberg/makeup/lepper/leppestift/maria-akerberg-lip-care-colour-sweetheart,247,104,98
maria-akerberg,/maria-akerberg/makeup/lepper/leppestift/maria-akerberg-lip-care-colour-joyful,214,123,128
max-factor,/max-factor/makeup/lepper/leppestift/max-factor-lipfinity-2-step-long-lasting-lipstick-125-so-glamorous,171,30,38
max-factor,/max-factor/makeup/lepper/leppestift/max-factor-lipfinity-2-step-long-lasting-lipstick-330-essentail-burgundy,183,88,108
max-factor,/max-factor/makeup/lepper/leppestift/max-factor-lipfinity-2-step-long-lasting-lipstick-070-spicy,165,99,93
max-factor,/max-factor/makeup/lepper/leppestift/max-factor-lipfinity-2-step-long-lasting-lipstick-180-spiritual,172,103,94
max-factor,/max-factor/makeup/lepper/leppestift/max-factor-colour-elixir-lipstick-005-simply-nude,215,146,133
max-factor,/max-factor/makeup/lepper/leppestift/max-factor-colour-elixir-lipstick-velvet-matte-lipstick-nude,201,138,139
max-factor,/max-factor/makeup/lepper/leppestift/max-factor-colour-elixir-lipstick-090-english-rose,220,101,120
max-factor,/max-factor/makeup/lepper/leppestift/max-factor-colour-elixir-lipstick-085-angel-pink,218,135,146
max-factor,/max-factor/makeup/lepper/leppestift/max-factor-colour-elixir-lipstick-095-dusky-rose,203,110,130
max-factor,/max-factor/makeup/lepper/leppestift/max-factor-colour-elixir-lipstick-velvet-matte-lipstick-20-rose,234,227,228
max-factor,/max-factor/makeup/lepper/leppestift/max-factor-colour-elixir-lipstick-velvet-matte-lipstick-dusk,107,63,60
max-factor,/max-factor/makeup/lepper/leppestift/max-factor-colour-elixir-lipstick-velvet-matte-lipstick-mauve,107,77,72
maybelline,/maybelline/makeup/lepper/leppestift/maybelline-superstay-ink-crayon-lipstick-lead-the-way,149,99,100
maybelline,/maybelline/makeup/lepper/leppestift/maybelline-superstay-ink-crayon-lipstick-own-your-empire,135,44,57
maybelline,/maybelline/makeup/lepper/leppestift/maybelline-superstay-ink-crayon-lipstick-stay-exceptional,159,92,107
maybelline,/maybelline/makeup/lepper/leppestift/maybelline-superstay-ink-crayon-lipstick-trust-your-gut,159,119,114
maybelline,/maybelline/makeup/lepper/leppestift/maybelline-superstay-vinyl-ink-lipstick-100-charmed,209,118,115
maybelline,/maybelline/makeup/lepper/leppestift/maybelline-superstay-matte-ink-lover,168,95,110
maybelline,/maybelline/makeup/lepper/leppestift/maybelline-superstay-vinyl-ink-lipstick-cheeky,178,93,94
maybelline,/maybelline/makeup/lepper/leppestift/maybelline-superstay-vinyl-ink-lipstick-coy,200,78,106
maybelline,/maybelline/makeup/lepper/leppestift/maybelline-superstay-vinyl-ink-lipstick-lippy,200,78,106
maybelline,/maybelline/makeup/lepper/leppestift/maybelline-superstay-matte-ink-inspirer,216,93,121
maybelline,/maybelline/makeup/lepper/leppestift/maybelline-superstay-matte-ink-pioneer,163,42,53
maybelline,/maybelline/makeup/lepper/leppestift/maybelline-superstay-matte-ink-ruler,165,57,74
milani,/milani/makeup/lepper/leppestift/milani-keep-it-full-nourishing-lip-plumper-sparkling-pink,237,162,169
milani,/milani/makeup/lepper/leppestift/milani-keep-it-full-nourishing-lip-plumper-golden-dust,227,169,106
milani,/milani/makeup/lepper/leppestift/milani-keep-it-full-nourishing-lip-plumper-natural-luster,226,175,154
milani,/milani/makeup/lepper/leppestift/milani-keep-it-full-nourishing-lip-plumper-rosewood,125,54,58
milani,/milani/makeup/lepper/leppestift/milani-color-fetish-matte-lipstick-the-nudes-collection-450-desire,122,53,36
milani,/milani/makeup/lepper/leppestift/milani-color-fetish-matte-lipstick-the-nudes-collection-410-pleasure,207,113,101
milani,/milani/makeup/lepper/leppestift/milani-color-fetish-matte-lipstick-the-nudes-collection-420-tease,175,94,77
milani,/milani/makeup/lepper/leppestift/milani-color-fetish-matte-lipstick-the-nudes-collection-430-secret,185,95,89
milani,/milani/makeup/lepper/leppestift/milani-color-fetish-lipstick-140-crave,231,114,112
milani,/milani/makeup/lepper/leppestift/milani-color-fetish-matte-lipstick-the-flora-collection-350-fleur,133,43,77
milani,/milani/makeup/lepper/leppestift/milani-color-fetish-lipstick-110-lustful,204,137,127
milani,/milani/makeup/lepper/leppestift/milani-color-fetish-lipstick-120-fantasy,172,82,103
milani,/milani/makeup/lepper/leppestift/milani-color-fetish-lipstick-130-lingerie,211,121,134
milani,/milani/makeup/lepper/leppestift/milani-color-fetish-matte-lipstick-the-flora-collection-310-peony,178,76,90
milani,/milani/makeup/lepper/leppestift/milani-color-fetish-matte-lipstick-the-flora-collection-320-petal,168,53,58
milani,/milani/makeup/lepper/leppestift/milani-color-fetish-matte-lipstick-the-flora-collection-330-blossom,187,37,83
milk-makeup,/milk-makeup/makeup/lepper/leppestift/milk-makeup-lip-cheek-stick-werk,183,107,121
milk-makeup,/milk-makeup/makeup/lepper/leppestift/milk-makeup-lip-cheek-stick-dash,246,154,154
milk-makeup,/milk-makeup/makeup/lepper/leppestift/milk-makeup-lip-cheek-stick-quirk,188,59,74
milk-makeup,/milk-makeup/makeup/lepper/leppestift/milk-makeup-lip-cheek-stick-perk,244,127,114
morphe,/morphe/makeup/lepper/leppestift/morphe-matte-liquid-lipstick-jealousy,198,113,114
morphe,/morphe/makeup/lepper/leppestift/morphe-matte-liquid-lipstick-virgin,199,145,138
morphe,/morphe/makeup/lepper/leppestift/morphe-matte-liquid-lipstick-backseat-love,159,94,89
morphe,/morphe/makeup/lepper/leppestift/morphe-matte-liquid-lipstick-sweet-tea,128,77,50
morphe,/morphe/makeup/lepper/leppestift/morphe-soulmatte-velvet-lip-mousse-dearest,189,89,85
morphe,/morphe/makeup/lepper/leppestift/morphe-soulmatte-velvet-lip-mousse-compatible,137,59,76
morphe,/morphe/makeup/lepper/leppestift/morphe-soulmatte-velvet-lip-mousse-honey,184,103,75
morphe,/morphe/makeup/lepper/leppestift/morphe-soulmatte-velvet-lip-mousse-quick-crush,205,114,96
nars,/nars/makeup/lepper/leppestift/nars-afterglow-lip-balm-orgasm,249,187,191
nars,/nars/makeup/lepper/leppestift/nars-afterglow-lip-balm-clean-cut,249,187,191
nars,/nars/makeup/lepper/leppestift/nars-afterglow-lip-balm-laguna,249,187,191
nars,/nars/makeup/lepper/leppestift/nars-afterglow-lip-balm-torrid,255,148,130
nars,/nars/makeup/lepper/leppestift/nars-afterglow-sensual-shine-lipstick-888-dolce-vita,213,130,135
nars,/nars/makeup/lepper/leppestift/nars-afterglow-sensual-shine-lipstick-777-orgasm,241,173,172
nars,/nars/makeup/lepper/leppestift/nars-afterglow-sensual-shine-lipstick-208-devotion,202,138,145
nars,/nars/makeup/lepper/leppestift/nars-afterglow-sensual-shine-lipstick-200-breathless,227,168,149
nars,/nars/makeup/lepper/leppestift/nars-powermatte-lipstick-112-american-woman,178,79,79
nars,/nars/makeup/lepper/leppestift/nars-explicit-lipstick-863-unauthorized,214,15,18
nars,/nars/makeup/lepper/leppestift/nars-powermatte-lipstick-115-thunder-kiss,170,74,75
nars,/nars/makeup/lepper/leppestift/nars-powermatte-lipstick-150-highway-to-hell,138,47,53
nars,/nars/makeup/lepper/leppestift/nars-powermatte-lipstick-131-notorious,187,31,30
nars,/nars/makeup/lepper/leppestift/nars-audacious-lipstick-bette,91,41,44
nars,/nars/makeup/lepper/leppestift/nars-lipstick-matte-lovin-lips,197,98,97
nars,/nars/makeup/lepper/leppestift/nars-explicit-lipstick-805-rendez-vous,127,39,24
nars,/nars/makeup/lepper/leppestift/nars-explicit-lipstick-886-unrestraind,81,12,36
nars,/nars/makeup/lepper/leppestift/nars-explicit-lipstick-803-body-heat,149,69,57
nars,/nars/makeup/lepper/leppestift/nars-audacious-lipstick-grace,198,37,70
nars,/nars/makeup/lepper/leppestift/nars-lipstick-satin-afghan-red,118,55,63
nars,/nars/makeup/lepper/leppestift/nars-lipstick-satin-bad-reputation,190,38,42
nars,/nars/makeup/lepper/leppestift/nars-lipstick-satin-banned-red,144,56,60
nars,/nars/makeup/lepper/leppestift/nars-lipstick-satin-dressed-to-kill,163,41,47
nars,/nars/makeup/lepper/leppestift/nars-lipstick-matte-catfight,194,125,129
nars,/nars/makeup/lepper/leppestift/nars-lipstick-matte-hot-kiss,182,95,106
nars,/nars/makeup/lepper/leppestift/nars-lipstick-matte-immortal-red,156,52,55
nars,/nars/makeup/lepper/leppestift/nars-lipstick-sheer-cruising,247,247,247
nyx-professional-makeup,/nyx-professional-makeup/makeup/lepper/leppestift/nyx-professional-makeup-fat-oil-slick-click-03-no-filter-needed,153,67,69
nyx-professional-makeup,/nyx-professional-makeup/makeup/lepper/leppestift/nyx-professional-makeup-fat-oil-slick-click-11-in-a-mood,92,16,27
nyx-professional-makeup,/nyx-professional-makeup/makeup/lepper/leppestift/nyx-professional-makeup-fat-oil-slick-click-02-clout,230,126,140
nyx-professional-makeup,/nyx-professional-makeup/makeup/lepper/leppestift/nyx-professional-makeup-fat-oil-slick-click-04-going-viral,120,46,44
nyx-professional-makeup,/nyx-professional-makeup/makeup/lepper/leppestift/nyx-professional-makeup-soft-matte-lip-cream-stockholm,227,133,122
nyx-professional-makeup,/nyx-professional-makeup/makeup/lepper/leppestift/nyx-professional-makeup-soft-matte-lip-cream-cannes,208,109,98
nyx-professional-makeup,/nyx-professional-makeup/makeup/lepper/leppestift/nyx-professional-makeup-soft-matte-lip-cream-rome,145,68,63
nyx-professional-makeup,/nyx-professional-makeup/makeup/lepper/leppestift/nyx-professional-makeup-soft-matte-lip-cream-abu-dhabi,211,140,117
nyx-professional-makeup,/nyx-professional-makeup/makeup/lepper/leppestift/nyx-professional-makeup-smooth-whip-matte-lip-cream-15-chocolate-mousse,101,34,54
nyx-professional-makeup,/nyx-professional-makeup/makeup/lepper/leppestift/nyx-professional-makeup-shine-loud-pro-pigment-lip-shine-boundary-pusher,133,82,77
nyx-professional-makeup,/nyx-professional-makeup/makeup/lepper/leppestift/nyx-professional-makeup-shine-loud-pro-pigment-lip-shine-magic-maker,178,108,102
nyx-professional-makeup,/nyx-professional-makeup/makeup/lepper/leppestift/nyx-professional-makeup-shine-loud-pro-pigment-lip-shine-cash-flow,204,121,122
nyx-professional-makeup,/nyx-professional-makeup/makeup/lepper/leppestift/nyx-professional-makeup-shine-loud-pro-pigment-lip-shine-never-basic,123,67,81
nyx-professional-makeup,/nyx-professional-makeup/makeup/lepper/leppestift/nyx-professional-makeup-lip-lingerie-xxl-lipstick-stripd-down,170,93,92
nyx-professional-makeup,/nyx-professional-makeup/makeup/lepper/leppestift/nyx-professional-makeup-lip-lingerie-xxl-lipstick-warm-up,156,68,65
nyx-professional-makeup,/nyx-professional-makeup/makeup/lepper/leppestift/nyx-professional-makeup-lip-lingerie-xxl-lipstick-unlaced,147,65,87
nyx-professional-makeup,/nyx-professional-makeup/makeup/lepper/leppestift/nyx-professional-makeup-lip-lingerie-xxl-lipstick-undressd,176,100,93
nyx-professional-makeup,/nyx-professional-makeup/makeup/lepper/leppestift/nyx-professional-makeup-lip-lingerie-xxl-matte-liquid-lipstick-27-on-fuego,239,73,62
nyx-professional-makeup,/nyx-professional-makeup/makeup/lepper/leppestift/nyx-professional-makeup-suede-matte-lipstick-soft-spoken,131,79,92
nyx-professional-makeup,/nyx-professional-makeup/makeup/lepper/leppestift/nyx-professional-makeup-suede-matte-lipstick-brunch-me,171,104,102
nyx-professional-makeup,/nyx-professional-makeup/makeup/lepper/leppestift/nyx-professional-makeup-suede-matte-lipstick-free-spirit,158,100,90
nyx-professional-makeup,/nyx-professional-makeup/makeup/lepper/leppestift/nyx-professional-makeup-suede-matte-lipstick-clinger,181,31,102
nyx-professional-makeup,/nyx-professional-makeup/makeup/lepper/leppestift/nyx-professional-makeup-suede-matte-lipstick-girl-bye,107,44,74
nyx-professional-makeup,/nyx-professional-makeup/makeup/lepper/leppestift/nyx-professional-makeup-smooth-whip-matte-lip-cream-5-parfait,142,67,67
nyx-professional-makeup,/nyx-professional-makeup/makeup/lepper/leppestift/nyx-professional-makeup-smooth-whip-matte-lip-cream-13-cherry-creme,170,20,51
nyx-professional-makeup,/nyx-professional-makeup/makeup/lepper/leppestift/nyx-professional-makeup-smooth-whip-matte-lip-cream-24-memory-foam,118,86,75
nyx-professional-makeup,/nyx-professional-makeup/makeup/lepper/leppestift/nyx-professional-makeup-lip-lingerie-xxl-matte-liquid-lipstick-25-candela-babe,175,103,91
nyx-professional-makeup,/nyx-professional-makeup/makeup/lepper/leppestift/nyx-professional-makeup-lip-lingerie-xxl-matte-liquid-lipstick-26-gettin-caliente,186,87,54
nyx-professional-makeup,/nyx-professional-makeup/makeup/lepper/leppestift/nyx-professional-makeup-lip-lingerie-xxl-matte-liquid-lipstick-28-untamable,200,8,39
pixi,/pixi/makeup/lepper/leppestift/pixi-naturellelip-pecan,245,245,220
pixi,/pixi/makeup/lepper/leppestift/pixi-naturellelip-nectar,165,104,42
pixi,/pixi/makeup/lepper/leppestift/pixi-naturellelip-peony,255,192,203
pixi,/pixi/makeup/lepper/leppestift/pixi-naturellelip-poppy,255,165,0
pixi,/pixi/makeup/lepper/leppestift/pixi-mattelast-liquid-lipstick-pleasing-pink,247,247,247
rms-beauty,/rms-beauty/makeup/lepper/leppestift/rms-beauty-legendary-serum-lipstick-melanie,255,109,105
rms-beauty,/rms-beauty/makeup/lepper/leppestift/rms-beauty-legendary-serum-lipstick-angela,153,48,62
rms-beauty,/rms-beauty/makeup/lepper/leppestift/rms-beauty-legendary-serum-lipstick-audrey,230,63,63
rms-beauty,/rms-beauty/makeup/lepper/leppestift/rms-beauty-legendary-serum-lipstick-linda,238,57,119
rose-inc,/rose-inc/makeup/lepper/leppestift/rose-inc-satin-lip-color-rich-refillable-lipstick-demure,212,121,123
rose-inc,/rose-inc/makeup/lepper/leppestift/rose-inc-satin-lip-color-rich-refillable-lipstick-enigmatic,171,78,77
rose-inc,/rose-inc/makeup/lepper/leppestift/rose-inc-satin-lip-color-rich-refillable-lipstick-poetic,208,97,89
rose-inc,/rose-inc/makeup/lepper/leppestift/rose-inc-satin-lip-color-rich-refillable-lipstick-besotted,189,112,101
rose-inc,/rose-inc/makeup/lepper/leppestift/rose-inc-satin-lip-color-rich-refillable-lipstick-refill-poetic,208,97,90
rose-inc,/rose-inc/makeup/lepper/leppestift/rose-inc-lip-cream-color-lipstick-a-glimpse,150,81,83
rose-inc,/rose-inc/makeup/lepper/leppestift/rose-inc-lip-cream-color-lipstick-count-the-ways,169,106,99
rose-inc,/rose-inc/makeup/lepper/leppestift/rose-inc-lip-cream-color-lipstick-kiss-part,175,107,101
rose-inc,/rose-inc/makeup/lepper/leppestift/rose-inc-lip-cream-color-lipstick-of-stars,164,83,94
rose-inc,/rose-inc/makeup/lepper/leppestift/rose-inc-satin-lip-color-rich-refillable-lipstick-refill-persuasive,156,69,64
rose-inc,/rose-inc/makeup/lepper/leppestift/rose-inc-satin-lip-color-rich-refillable-lipstick-refill-demure,212,121,123
rose-inc,/rose-inc/makeup/lepper/leppestift/rose-inc-satin-lip-color-rich-refillable-lipstick-refill-enigmatic,171,78,77
sensai,/sensai/makeup/lepper/leppestift/sensai-the-lipstick-13-shirayuri-nude,185,82,61
sensai,/sensai/makeup/lepper/leppestift/sensai-the-lipstick-10-ayame-mauve,181,63,74
sensai,/sensai/makeup/lepper/leppestift/sensai-the-lipstick-3-shakuyaku-red,209,57,52
sensai,/sensai/makeup/lepper/leppestift/sensai-the-lipstick-14-suzuran-nude,211,111,94
sensai,/sensai/makeup/lepper/leppestift/sensai-lasting-plump-lipstick-refill-lp10,145,24,59
sensai,/sensai/makeup/lepper/leppestift/sensai-contouring-lipstick-refill-09-deep-orange,162,63,55
sensai,/sensai/makeup/lepper/leppestift/sensai-lasting-plump-lipstick-refill-lp07,198,122,117
sensai,/sensai/makeup/lepper/leppestift/sensai-lasting-plump-lipstick-refill-lp11,122,24,68
sensai,/sensai/makeup/lepper/leppestift/sensai-lasting-plump-lipstick-refill-lp04,149,36,71
sensai,/sensai/makeup/lepper/leppestift/sensai-lasting-plump-lipstick-holder,247,247,247
sensai,/sensai/makeup/lepper/leppestift/sensai-contouring-lipstick-holder,247,247,247
sensai,/sensai/makeup/lepper/leppestift/sensai-contouring-lipstick-refill-07-pale-pink,155,81,85
sensai,/sensai/makeup/lepper/leppestift/sensai-contouring-lipstick-refill-12-beige-nude,146,97,81
sensai,/sensai/makeup/lepper/leppestift/sensai-contouring-lipstick-refill-11-reddish-nude,143,84,68
shiseido,/shiseido/makeup/lepper/leppestift/shiseido-colorgel-lipbalm-108-lotus,185,100,112
shiseido,/shiseido/makeup/lepper/leppestift/shiseido-colorgel-lipbalm-107-dahlia,191,80,93
shiseido,/shiseido/makeup/lepper/leppestift/shiseido-colorgel-lipbalm-102-narcissus,226,139,110
shiseido,/shiseido/makeup/lepper/leppestift/shiseido-colorgel-lipbalm-110-juniper,131,92,77
shiseido,/shiseido/makeup/lepper/leppestift/shiseido-technosatin-gel-lipstick-407-pulsar-pink,203,125,152
shiseido,/shiseido/makeup/lepper/leppestift/shiseido-modernmatte-powder-lipstick-505-peep-show,200,109,103
shiseido,/shiseido/makeup/lepper/leppestift/shiseido-visionairy-gel-lipstick-206-botan,247,247,247
shiseido,/shiseido/makeup/lepper/leppestift/shiseido-technosatin-gel-lipstick-409-harmonic-drive,163,72,90
shiseido,/shiseido/makeup/lepper/leppestift/shiseido-technosatin-gel-lipstick-410-lilac-echo,147,80,98
shiseido,/shiseido/makeup/lepper/leppestift/shiseido-technosatin-gel-lipstick-422-fuchsia-flux,169,52,106
shiseido,/shiseido/makeup/lepper/leppestift/shiseido-modernmatte-powder-lipstick-506-disrobed,185,105,101
shiseido,/shiseido/makeup/lepper/leppestift/shiseido-modernmatte-powder-lipstick-502-whisper,195,123,104
shiseido,/shiseido/makeup/lepper/leppestift/shiseido-modernmatte-powder-lipstick-517-rose-hip,220,102,137
sisley,/sisley/makeup/lepper/leppestift/sisley-phyto-rouge-shine-lipstick-20-sheer-petal,201,135,133
sisley,/sisley/makeup/lepper/leppestift/sisley-phyto-rouge-shine-lipstick-21-sheer-rosewood,167,95,101
sisley,/sisley/makeup/lepper/leppestift/sisley-phyto-rouge-shine-lipstick-22-sheer-raspberry,119,36,57
sisley,/sisley/makeup/lepper/leppestift/sisley-phyto-rouge-shine-lipstick-11-sheer-blossom,190,132,127
sisley,/sisley/makeup/lepper/leppestift/sisley-le-phyto-rouge-lipstick-10-beige-jaipur,171,133,112
sisley,/sisley/makeup/lepper/leppestift/sisley-phyto-lip-twist-lipstick-3-peach,243,116,95
sisley,/sisley/makeup/lepper/leppestift/sisley-le-phyto-rouge-lipstick-27-rose-bolchoi,181,84,88
sisley,/sisley/makeup/lepper/leppestift/sisley-le-phyto-rouge-lipstick-13-beige-eldorado,118,66,53
sisley,/sisley/makeup/lepper/leppestift/sisley-le-phyto-rouge-lipstick-28-rose-shanghai,222,59,71
sisley,/sisley/makeup/lepper/leppestift/sisley-phyto-lip-twist-lipstick-2-baby,255,139,151
sisley,/sisley/makeup/lepper/leppestift/sisley-phyto-lip-twist-lipstick-7-coral,224,96,59
sisley,/sisley/makeup/lepper/leppestift/sisley-phyto-lip-twist-lipstick-25-soft-berry,150,65,81
smashbox,/smashbox/makeup/lepper/leppestift/smashbox-be-legendary-prime-plush-lipstick-07-stylist,205,104,115
smashbox,/smashbox/makeup/lepper/leppestift/smashbox-be-legendary-prime-plush-lipstick-02-level-up,202,126,123
smashbox,/smashbox/makeup/lepper/leppestift/smashbox-be-legendary-prime-plush-lipstick-09-stepping-out,169,103,93
smashbox,/smashbox/makeup/lepper/leppestift/smashbox-be-legendary-prime-plush-lipstick-17-recognized,177,103,82
smashbox,/smashbox/makeup/lepper/leppestift/smashbox-always-on-liquid-lipstick-bawse,168,32,36
smashbox,/smashbox/makeup/lepper/leppestift/smashbox-always-on-liquid-lipstick-girl-gang,110,18,67
smashbox,/smashbox/makeup/lepper/leppestift/smashbox-always-on-liquid-lipstick-audition,154,87,73
smashbox,/smashbox/makeup/lepper/leppestift/smashbox-always-on-liquid-lipstick-drivers-seat,156,64,53
smashbox,/smashbox/makeup/lepper/leppestift/smashbox-mini-always-on-liquid-lipstick-drivers-seat,200,93,98
smashbox,/smashbox/makeup/lepper/leppestift/smashbox-mini-always-on-liquid-lipstick-gule-bae,174,86,92
smashbox,/smashbox/makeup/lepper/leppestift/smashbox-mini-always-on-liquid-lipstick-stepping-out,179,113,107
too-faced,/too-faced/makeup/lepper/leppestift/too-faced-lip-injection-extreme-lip-shaper-hot-spicy,178,94,84
too-faced,/too-faced/makeup/lepper/leppestift/too-faced-lip-injection-extreme-lip-shaper-espresso-shot,104,60,44
too-faced,/too-faced/makeup/lepper/leppestift/too-faced-lip-injection-extreme-lip-shaper-happily-ever-after,104,60,44
too-faced,/too-faced/makeup/lepper/leppestift/too-faced-lip-injection-extreme-lip-shaper-i-do,104,60,44
too-faced,/too-faced/makeup/lepper/leppestift/too-faced-lip-injection-extreme-lip-gloss-original,235,231,242
too-faced,/too-faced/makeup/lepper/leppestift/too-faced-lip-injection-extreme-lip-gloss-bubblegum-yum,246,162,180
too-faced,/too-faced/makeup/lepper/leppestift/too-faced-lip-injection-extreme-lip-gloss-pink-punch,232,34,118
too-faced,/too-faced/makeup/lepper/leppestift/too-faced-lip-injection-extreme-lip-gloss-strawberry-kiss,195,31,75
too-faced,/too-faced/makeup/lepper/leppestift/too-faced-travel-size-lip-injection-maximum-plump,247,247,247
too-faced,/too-faced/makeup/lepper/leppestift/too-faced-foreplay-better-than-sex-duo-an-sex-duo,247,247,247
too-faced,/too-faced/makeup/lepper/leppestift/too-faced-lady-bold-em-power-pigment-lipstick-take-over,130,44,65
too-faced,/too-faced/makeup/lepper/leppestift/too-faced-cocoa-bold-lipstick-hot-chocolate,170,104,79
too-faced,/too-faced/makeup/lepper/leppestift/too-faced-lady-bold,204,0,27
too-faced,/too-faced/makeup/lepper/leppestift/too-faced-travel-size-lip-injection-extreme-bubbelgum-yum,246,162,180
too-faced,/too-faced/makeup/lepper/leppestift/too-faced-lady-bold-em-power-pigment-lipstick-im-thriving,190,115,120
too-faced,/too-faced/makeup/lepper/leppestift/too-faced-lady-bold-em-power-pigment-lipstick-brave-3,209,140,121
too-faced,/too-faced/makeup/lepper/leppestift/too-faced-lady-bold-em-power-pigment-lipstick-level-up,224,119,130
too-faced,/too-faced/makeup/lepper/leppestift/too-faced-too-femme-heart-core-lipstick-never-grow-up,197,110,111
too-faced,/too-faced/makeup/lepper/leppestift/too-faced-lip-injection-liquid-lipstick-filler-up,195,97,111
too-faced,/too-faced/makeup/lepper/leppestift/too-faced-too-femme-heart-core-lipstick-heart-core,216,66,103
too-faced,/too-faced/makeup/lepper/leppestift/too-faced-travel-size-lip-injection-extreme-original,235,231,242
too-faced,/too-faced/makeup/lepper/leppestift/too-faced-lip-injection-power-plumping-lip-balm,247,247,247
too-faced,/too-faced/makeup/lepper/leppestift/too-faced-cocoa-bold-lipstick-buttercream,217,134,113
too-faced,/too-faced/makeup/lepper/leppestift/too-faced-cocoa-bold-lipstick-chocolate-chip,168,95,79
too-faced,/too-faced/makeup/lepper/leppestift/too-faced-cocoa-bold-lipstick-chocolate-lava,161,42,47
too-faced,/too-faced/makeup/lepper/leppestift/too-faced-melted-matte-lipstick-sell-out,174,93,87
too-faced,/too-faced/makeup/lepper/leppestift/too-faced-melted-matte-lipstick-lady-balls,194,32,50
too-faced,/too-faced/makeup/lepper/leppestift/too-faced-melted-matte-lipstick-hot-stuff,232,29,44
too-faced,/too-faced/makeup/lepper/leppestift/too-faced-melted-matte-lipstick-child-star,195,139,122
too-faced,/too-faced/makeup/lepper/leppestift/too-faced-lip-injection-liquid-lipstick-boom-boom-pow,168,18,62
too-faced,/too-faced/makeup/lepper/leppestift/too-faced-lip-injection-liquid-lipstick-big-lip-energy,231,0,76
too-faced,/too-faced/makeup/lepper/leppestift/too-faced-lip-injection-liquid-lipstick-give-em-lip,240,156,155
too-faced,/too-faced/makeup/lepper/leppestift/too-faced-lady-bold-power-move,247,247,247
too-faced,/too-faced/makeup/lepper/leppestift/too-faced-lady-bold-committed,247,247,247
too-faced,/too-faced/makeup/lepper/leppestift/too-faced-lady-bold-dear-diary,247,247,247
too-faced,/too-faced/makeup/lepper/leppestift/too-faced-lady-bold-hopelessly-devoted,247,247,247
yves-saint-laurent,/yves-saint-laurent/makeup/lepper/leppestift/yves-saint-laurent-loveshine-wet-shine-lipstick-44-nude-lavalliere,207,126,130
yves-saint-laurent,/yves-saint-laurent/makeup/lepper/leppestift/yves-saint-laurent-loveshine-wet-shine-lipstick-201-rosewood-blush,201,134,119
yves-saint-laurent,/yves-saint-laurent/makeup/lepper/leppestift/yves-saint-laurent-loveshine-wet-shine-lipstick-202-peachy-glow,161,100,88
yves-saint-laurent,/yves-saint-laurent/makeup/lepper/leppestift/yves-saint-laurent-loveshine-wet-shine-lipstick-150-nude-lingerie,221,157,147
yves-saint-laurent,/yves-saint-laurent/makeup/lepper/leppestift/yves-saint-laurent-loveshine-candy-glaze-lip-gloss-stick-2-healty-glow-plumper,235,197,185
yves-saint-laurent,/yves-saint-laurent/makeup/lepper/leppestift/yves-saint-laurent-loveshine-candy-glow-lip-balm-pink-sunrise-1b,218,141,166
yves-saint-laurent,/yves-saint-laurent/makeup/lepper/leppestift/yves-saint-laurent-rouge-pur-couture-the-bold-lipstick-12-nu-incongru,189,103,99
yves-saint-laurent,/yves-saint-laurent/makeup/lepper/leppestift/yves-saint-laurent-loveshine-candy-glaze-lip-gloss-stick-6-burgundy-temptation,129,57,77
yves-saint-laurent,/yves-saint-laurent/makeup/lepper/leppestift/yves-saint-laurent-loveshine-candy-glaze-lip-gloss-stick-15-showcasing-nude,172,99,95
yves-saint-laurent,/yves-saint-laurent/makeup/lepper/leppestift/yves-saint-laurent-loveshine-candy-glaze-lip-gloss-stick-5-pink-satisfaction,172,70,81
yves-saint-laurent,/yves-saint-laurent/makeup/lepper/leppestift/yves-saint-laurent-loveshine-candy-glow-lip-balm-brown-nude-6b,144,74,58
yves-saint-laurent,/yves-saint-laurent/makeup/lepper/leppestift/yves-saint-laurent-loveshine-candy-glow-lip-balm-nude-crush-5b,138,41,59
yves-saint-laurent,/yves-saint-laurent/makeup/lepper/leppestift/yves-saint-laurent-loveshine-candy-glow-lip-balm-nude-lavaillere-44b,190,94,91
yves-saint-laurent,/yves-saint-laurent/makeup/lepper/leppestift/yves-saint-laurent-rouge-pur-couture-the-bold-lipstick-02-wilful-red,175,0,37
yves-saint-laurent,/yves-saint-laurent/makeup/lepper/leppestift/yves-saint-laurent-rouge-pur-couture-the-bold-lipstick-10-braze-nude,169,97,90
yves-saint-laurent,/yves-saint-laurent/makeup/lepper/leppestift/yves-saint-laurent-rouge-pur-couture-the-bold-lipstick-01-le-rouge,174,21,52
yves-saint-laurent,/yves-saint-laurent/makeup/lepper/leppestift/yves-saint-laurent-rouge-pur-couture-lipstick-p22,223,160,195
yves-saint-laurent,/yves-saint-laurent/makeup/lepper/leppestift/yves-saint-laurent-rouge-pur-couture-the-bold-lips-13,178,119,108
yves-saint-laurent,/yves-saint-laurent/makeup/lepper/leppestift/yves-saint-laurent-rouge-pur-couture-lipstick-p2,211,114,138
yves-saint-laurent,/yves-saint-laurent/makeup/lepper/leppestift/yves-saint-laurent-rouge-pur-couture-lipstick-n10,190,99,89
yves-saint-laurent,/yves-saint-laurent/makeup/lepper/leppestift/yves-saint-laurent-rouge-pur-couture-lipstick-n5,192,129,128
yves-saint-laurent,/yves-saint-laurent/makeup/lepper/leppestift/yves-saint-laurent-rouge-pur-couture-the-bold-lips-14,120,59,60
yves-saint-laurent,/yves-saint-laurent/makeup/lepper/leppestift/yves-saint-laurent-rouge-pur-couture-the-bold-lips-1968,155,86,83